profile_set,scoring_config,seed,checkpoint,cumulative_gt_acc,gt_acc_credential,gt_acc_threat,gt_acc_lateral,gt_acc_exfil,gt_acc_insider
simplified,w_only,42,50,0.32,0.1111111111111111,0.4444444444444444,0.375,0.38461538461538464,0.2727272727272727
simplified,w_only,42,100,0.51,0.45454545454545453,0.47058823529411764,0.6190476190476191,0.6538461538461539,0.21428571428571427
simplified,w_only,42,200,0.645,0.6744186046511628,0.5833333333333334,0.7954545454545454,0.6666666666666666,0.45714285714285713
simplified,w_only,42,400,0.7575,0.7954545454545454,0.6571428571428571,0.8604651162790697,0.8148148148148148,0.6266666666666667
simplified,w_only,42,700,0.8314285714285714,0.8533333333333334,0.7886178861788617,0.8943661971830986,0.8707482993197279,0.7391304347826086
simplified,w_only,42,1000,0.881,0.8990825688073395,0.8586956521739131,0.9203980099502488,0.905,0.817258883248731
simplified,w_only,123,50,0.5,0.8,0.2727272727272727,0.3333333333333333,0.7777777777777778,0.36363636363636365
simplified,w_only,123,100,0.54,0.7,0.4,0.4583333333333333,0.7647058823529411,0.42105263157894735
simplified,w_only,123,200,0.715,0.8292682926829268,0.6444444444444445,0.6341463414634146,0.8378378378378378,0.6388888888888888
simplified,w_only,123,400,0.81,0.8902439024390244,0.7586206896551724,0.7901234567901234,0.8378378378378378,0.7763157894736842
simplified,w_only,123,700,0.86,0.916030534351145,0.8299319727891157,0.8333333333333334,0.8918918918918919,0.8308823529411765
simplified,w_only,123,1000,0.896,0.9358288770053476,0.8656716417910447,0.8925233644859814,0.9223300970873787,0.8645833333333334
simplified,w_only,456,50,0.5,0.16666666666666666,0.35714285714285715,0.5454545454545454,0.6923076923076923,0.6666666666666666
simplified,w_only,456,100,0.51,0.4117647058823529,0.38461538461538464,0.5294117647058824,0.6956521739130435,0.5294117647058824
simplified,w_only,456,200,0.59,0.5833333333333334,0.4423076923076923,0.7,0.6829268292682927,0.5806451612903226
simplified,w_only,456,400,0.69,0.6493506493506493,0.5227272727272727,0.7922077922077922,0.7974683544303798,0.7088607594936709
simplified,w_only,456,700,0.7857142857142857,0.753731343283582,0.678082191780822,0.8609271523178808,0.8661417322834646,0.7746478873239436
simplified,w_only,456,1000,0.847,0.8181818181818182,0.7681159420289855,0.8985507246376812,0.9081081081081082,0.8457943925233645
simplified,w_only,789,50,0.52,0.3,0.7142857142857143,0.5384615384615384,0.6363636363636364,0.4444444444444444
simplified,w_only,789,100,0.59,0.42857142857142855,0.7058823529411765,0.6296296296296297,0.6875,0.5263157894736842
simplified,w_only,789,200,0.67,0.52,0.7,0.7619047619047619,0.7941176470588235,0.6176470588235294
simplified,w_only,789,400,0.805,0.7263157894736842,0.7976190476190477,0.8433734939759037,0.8709677419354839,0.8157894736842105
simplified,w_only,789,700,0.8871428571428571,0.8223684210526315,0.8930817610062893,0.9015151515151515,0.9333333333333333,0.8978102189781022
simplified,w_only,789,1000,0.919,0.8689320388349514,0.923728813559322,0.9285714285714286,0.9497206703910615,0.9289340101522843
simplified,w_only,1024,50,0.36,0.4,0.42857142857142855,0.2,0.4666666666666667,0.25
simplified,w_only,1024,100,0.49,0.4,0.5,0.5,0.5714285714285714,0.47058823529411764
simplified,w_only,1024,200,0.64,0.45,0.6578947368421053,0.6739130434782609,0.7555555555555555,0.6451612903225806
simplified,w_only,1024,400,0.7575,0.6222222222222222,0.810126582278481,0.8131868131868132,0.8333333333333334,0.7205882352941176
simplified,w_only,1024,700,0.8285714285714286,0.6766917293233082,0.8689655172413793,0.875,0.9044117647058824,0.7966101694915254
simplified,w_only,1024,1000,0.866,0.7527472527472527,0.8909952606635071,0.8979591836734694,0.9259259259259259,0.8439306358381503
simplified,w_only,2048,50,0.36,0.25,0.2,0.5555555555555556,0.2857142857142857,0.42857142857142855
simplified,w_only,2048,100,0.47,0.29411764705882354,0.4,0.6666666666666666,0.4444444444444444,0.5217391304347826
simplified,w_only,2048,200,0.585,0.35294117647058826,0.5135135135135135,0.717948717948718,0.6304347826086957,0.6590909090909091
simplified,w_only,2048,400,0.765,0.6470588235294118,0.7560975609756098,0.8536585365853658,0.7380952380952381,0.8095238095238095
simplified,w_only,2048,700,0.8614285714285714,0.816793893129771,0.8581560283687943,0.910958904109589,0.8503401360544217,0.8666666666666667
simplified,w_only,2048,1000,0.899,0.8697916666666666,0.8883248730964467,0.9346733668341709,0.8952380952380953,0.905940594059406
simplified,w_only,3072,50,0.42,0.5714285714285714,0.2,0.625,0.3333333333333333,0.3333333333333333
simplified,w_only,3072,100,0.56,0.5,0.45,0.6956521739130435,0.6153846153846154,0.5454545454545454
simplified,w_only,3072,200,0.655,0.5333333333333333,0.6363636363636364,0.725,0.7333333333333333,0.6829268292682927
simplified,w_only,3072,400,0.8,0.7228915662650602,0.7682926829268293,0.8421052631578947,0.8787878787878788,0.8064516129032258
simplified,w_only,3072,700,0.8771428571428571,0.8308823529411765,0.8367346938775511,0.9130434782608695,0.9291338582677166,0.881578947368421
simplified,w_only,3072,1000,0.911,0.875,0.8840579710144928,0.9390862944162437,0.9395604395604396,0.918918918918919
simplified,w_only,4096,50,0.5,0.6,0.1111111111111111,0.6666666666666666,0.5,0.6153846153846154
simplified,w_only,4096,100,0.68,0.75,0.5294117647058824,0.8333333333333334,0.65,0.64
simplified,w_only,4096,200,0.725,0.7560975609756098,0.5294117647058824,0.8125,0.7551020408163265,0.75
simplified,w_only,4096,400,0.8,0.8192771084337349,0.6623376623376623,0.8153846153846154,0.8433734939759037,0.8478260869565217
simplified,w_only,4096,700,0.8542857142857143,0.8689655172413793,0.7622377622377622,0.8818897637795275,0.9020979020979021,0.8591549295774648
simplified,w_only,4096,1000,0.893,0.9018691588785047,0.8372093023255814,0.9120879120879121,0.9285714285714286,0.8911917098445595
simplified,w_only,5120,50,0.34,0.25,0.5,0.3333333333333333,0.3333333333333333,0.3076923076923077
simplified,w_only,5120,100,0.53,0.5,0.5625,0.5238095238095238,0.6190476190476191,0.4583333333333333
simplified,w_only,5120,200,0.655,0.6666666666666666,0.5142857142857142,0.65,0.7954545454545454,0.625
simplified,w_only,5120,400,0.69,0.6463414634146342,0.6323529411764706,0.7093023255813954,0.76,0.6966292134831461
simplified,w_only,5120,700,0.7457142857142857,0.7191780821917808,0.7016129032258065,0.7452229299363057,0.8166666666666667,0.7516339869281046
simplified,w_only,5120,1000,0.779,0.7596153846153846,0.7430167597765364,0.783410138248848,0.8404255319148937,0.7692307692307693
simplified,w_only,6144,50,0.38,0.375,0.42857142857142855,0.375,0.4444444444444444,0.3
simplified,w_only,6144,100,0.48,0.4782608695652174,0.625,0.5,0.5789473684210527,0.2727272727272727
simplified,w_only,6144,200,0.625,0.6444444444444445,0.6470588235294118,0.5405405405405406,0.75,0.5454545454545454
simplified,w_only,6144,400,0.7425,0.7586206896551724,0.734375,0.7037037037037037,0.825,0.6931818181818182
simplified,w_only,6144,700,0.84,0.8344370860927153,0.8288288288288288,0.8366013071895425,0.8979591836734694,0.7971014492753623
simplified,w_only,6144,1000,0.888,0.8798076923076923,0.8875739644970414,0.8803827751196173,0.9278846153846154,0.8640776699029126
simplified,w_g_static,42,50,0.24,0.1111111111111111,0.3333333333333333,0.25,0.23076923076923078,0.2727272727272727
simplified,w_g_static,42,100,0.42,0.3181818181818182,0.35294117647058826,0.5714285714285714,0.5,0.2857142857142857
simplified,w_g_static,42,200,0.535,0.5581395348837209,0.3611111111111111,0.7272727272727273,0.5238095238095238,0.45714285714285713
simplified,w_g_static,42,400,0.67,0.7159090909090909,0.5428571428571428,0.7790697674418605,0.654320987654321,0.6266666666666667
simplified,w_g_static,42,700,0.7585714285714286,0.7866666666666666,0.6666666666666666,0.823943661971831,0.7755102040816326,0.7246376811594203
simplified,w_g_static,42,1000,0.818,0.8211009174311926,0.7608695652173914,0.8606965174129353,0.835,0.8071065989847716
simplified,w_g_static,123,50,0.5,0.8,0.2727272727272727,0.3333333333333333,0.7777777777777778,0.36363636363636365
simplified,w_g_static,123,100,0.53,0.7,0.35,0.4583333333333333,0.7647058823529411,0.42105263157894735
simplified,w_g_static,123,200,0.69,0.8048780487804879,0.6222222222222222,0.6097560975609756,0.7837837837837838,0.6388888888888888
simplified,w_g_static,123,400,0.8075,0.8658536585365854,0.8045977011494253,0.7777777777777778,0.7972972972972973,0.7894736842105263
simplified,w_g_static,123,700,0.8614285714285714,0.8854961832061069,0.8707482993197279,0.8478260869565217,0.8378378378378378,0.8676470588235294
simplified,w_g_static,123,1000,0.895,0.8983957219251337,0.9054726368159204,0.9018691588785047,0.8640776699029126,0.90625
simplified,w_g_static,456,50,0.5,0.16666666666666666,0.35714285714285715,0.5454545454545454,0.6923076923076923,0.6666666666666666
simplified,w_g_static,456,100,0.51,0.4117647058823529,0.38461538461538464,0.5294117647058824,0.7391304347826086,0.47058823529411764
simplified,w_g_static,456,200,0.58,0.5833333333333334,0.4423076923076923,0.6,0.7073170731707317,0.6129032258064516
simplified,w_g_static,456,400,0.7025,0.7142857142857143,0.5909090909090909,0.7012987012987013,0.7721518987341772,0.7468354430379747
simplified,w_g_static,456,700,0.7985714285714286,0.7985074626865671,0.7465753424657534,0.7748344370860927,0.8346456692913385,0.8450704225352113
simplified,w_g_static,456,1000,0.855,0.8556149732620321,0.8164251207729468,0.8260869565217391,0.8810810810810811,0.897196261682243
simplified,w_g_static,789,50,0.52,0.3,0.7142857142857143,0.5384615384615384,0.6363636363636364,0.4444444444444444
simplified,w_g_static,789,100,0.58,0.47619047619047616,0.7058823529411765,0.5555555555555556,0.6875,0.5263157894736842
simplified,w_g_static,789,200,0.65,0.58,0.65,0.7142857142857143,0.7647058823529411,0.5588235294117647
simplified,w_g_static,789,400,0.73,0.7157894736842105,0.7380952380952381,0.7951807228915663,0.7741935483870968,0.631578947368421
simplified,w_g_static,789,700,0.8114285714285714,0.7894736842105263,0.8238993710691824,0.8636363636363636,0.8416666666666667,0.7445255474452555
simplified,w_g_static,789,1000,0.85,0.8398058252427184,0.864406779661017,0.9010989010989011,0.8547486033519553,0.7918781725888325
simplified,w_g_static,1024,50,0.34,0.4,0.42857142857142855,0.1,0.4666666666666667,0.25
simplified,w_g_static,1024,100,0.48,0.35,0.5,0.45454545454545453,0.6190476190476191,0.47058823529411764
simplified,w_g_static,1024,200,0.625,0.575,0.631578947368421,0.5434782608695652,0.7333333333333333,0.6451612903225806
simplified,w_g_static,1024,400,0.735,0.6888888888888889,0.759493670886076,0.7032967032967034,0.8194444444444444,0.7205882352941176
simplified,w_g_static,1024,700,0.7914285714285715,0.7368421052631579,0.8,0.7678571428571429,0.8676470588235294,0.788135593220339
simplified,w_g_static,1024,1000,0.813,0.7967032967032966,0.8151658767772512,0.7755102040816326,0.8783068783068783,0.8092485549132948
simplified,w_g_static,2048,50,0.38,0.375,0.2,0.5555555555555556,0.2857142857142857,0.42857142857142855
simplified,w_g_static,2048,100,0.5,0.47058823529411764,0.4,0.6666666666666666,0.4444444444444444,0.5217391304347826
simplified,w_g_static,2048,200,0.545,0.5294117647058824,0.4594594594594595,0.6410256410256411,0.5869565217391305,0.5
simplified,w_g_static,2048,400,0.71,0.7352941176470589,0.6829268292682927,0.7804878048780488,0.6785714285714286,0.6785714285714286
simplified,w_g_static,2048,700,0.7885714285714286,0.8320610687022901,0.8085106382978723,0.815068493150685,0.7687074829931972,0.7185185185185186
simplified,w_g_static,2048,1000,0.848,0.8802083333333334,0.8629441624365483,0.864321608040201,0.8285714285714286,0.806930693069307
simplified,w_g_static,3072,50,0.38,0.42857142857142855,0.2,0.625,0.3333333333333333,0.3333333333333333
simplified,w_g_static,3072,100,0.5,0.36363636363636365,0.35,0.6086956521739131,0.6153846153846154,0.5909090909090909
simplified,w_g_static,3072,200,0.65,0.6,0.6136363636363636,0.65,0.7333333333333333,0.6829268292682927
simplified,w_g_static,3072,400,0.765,0.7108433734939759,0.7560975609756098,0.7631578947368421,0.8181818181818182,0.7849462365591398
simplified,w_g_static,3072,700,0.8442857142857143,0.8161764705882353,0.8299319727891157,0.8695652173913043,0.8582677165354331,0.8486842105263158
simplified,w_g_static,3072,1000,0.881,0.8385416666666666,0.8792270531400966,0.9086294416243654,0.8791208791208791,0.8963963963963963
simplified,w_g_static,4096,50,0.46,0.6,0.1111111111111111,0.5555555555555556,0.5,0.5384615384615384
simplified,w_g_static,4096,100,0.63,0.65,0.5294117647058824,0.7222222222222222,0.65,0.6
simplified,w_g_static,4096,200,0.695,0.7560975609756098,0.47058823529411764,0.75,0.7346938775510204,0.7272727272727273
simplified,w_g_static,4096,400,0.7825,0.8072289156626506,0.6883116883116883,0.7692307692307693,0.8072289156626506,0.8260869565217391
simplified,w_g_static,4096,700,0.8442857142857143,0.8620689655172413,0.8041958041958042,0.8582677165354331,0.8671328671328671,0.8309859154929577
simplified,w_g_static,4096,1000,0.883,0.8925233644859814,0.8697674418604651,0.8956043956043956,0.8877551020408163,0.8704663212435233
simplified,w_g_static,5120,50,0.32,0.25,0.5,0.3333333333333333,0.2222222222222222,0.3076923076923077
simplified,w_g_static,5120,100,0.48,0.5,0.5625,0.42857142857142855,0.5238095238095238,0.4166666666666667
simplified,w_g_static,5120,200,0.605,0.6060606060606061,0.4857142857142857,0.625,0.75,0.5416666666666666
simplified,w_g_static,5120,400,0.6575,0.6219512195121951,0.6323529411764706,0.686046511627907,0.72,0.6292134831460674
simplified,w_g_static,5120,700,0.7442857142857143,0.7123287671232876,0.7580645161290323,0.7388535031847133,0.775,0.7450980392156863
simplified,w_g_static,5120,1000,0.804,0.7836538461538461,0.8156424581005587,0.7972350230414746,0.8351063829787234,0.7932692307692307
simplified,w_g_static,6144,50,0.4,0.375,0.42857142857142855,0.375,0.4444444444444444,0.4
simplified,w_g_static,6144,100,0.46,0.43478260869565216,0.5625,0.4,0.5789473684210527,0.36363636363636365
simplified,w_g_static,6144,200,0.58,0.6,0.5882352941176471,0.4594594594594595,0.7,0.5454545454545454
simplified,w_g_static,6144,400,0.7,0.7011494252873564,0.6875,0.691358024691358,0.75,0.6704545454545454
simplified,w_g_static,6144,700,0.75,0.7350993377483444,0.7207207207207207,0.7908496732026143,0.8095238095238095,0.6811594202898551
simplified,w_g_static,6144,1000,0.798,0.7740384615384616,0.8047337278106509,0.8421052631578947,0.8461538461538461,0.7233009708737864
simplified,w_g_learned,42,50,0.32,0.1111111111111111,0.4444444444444444,0.375,0.38461538461538464,0.2727272727272727
simplified,w_g_learned,42,100,0.51,0.45454545454545453,0.47058823529411764,0.6190476190476191,0.6538461538461539,0.21428571428571427
simplified,w_g_learned,42,200,0.645,0.6744186046511628,0.5833333333333334,0.7954545454545454,0.6666666666666666,0.45714285714285713
simplified,w_g_learned,42,400,0.755,0.7954545454545454,0.6571428571428571,0.8488372093023255,0.8148148148148148,0.6266666666666667
simplified,w_g_learned,42,700,0.8242857142857143,0.84,0.7804878048780488,0.8802816901408451,0.8775510204081632,0.7318840579710145
simplified,w_g_learned,42,1000,0.875,0.8853211009174312,0.8532608695652174,0.9104477611940298,0.91,0.8121827411167513
simplified,w_g_learned,123,50,0.5,0.8,0.2727272727272727,0.3333333333333333,0.7777777777777778,0.36363636363636365
simplified,w_g_learned,123,100,0.54,0.7,0.4,0.4583333333333333,0.7647058823529411,0.42105263157894735
simplified,w_g_learned,123,200,0.715,0.8292682926829268,0.6444444444444445,0.6341463414634146,0.8378378378378378,0.6388888888888888
simplified,w_g_learned,123,400,0.805,0.8902439024390244,0.7586206896551724,0.7777777777777778,0.8243243243243243,0.7763157894736842
simplified,w_g_learned,123,700,0.8514285714285714,0.916030534351145,0.8299319727891157,0.8188405797101449,0.8716216216216216,0.8235294117647058
simplified,w_g_learned,123,1000,0.891,0.9358288770053476,0.8706467661691543,0.883177570093458,0.9077669902912622,0.859375
simplified,w_g_learned,456,50,0.5,0.16666666666666666,0.35714285714285715,0.5454545454545454,0.6923076923076923,0.6666666666666666
simplified,w_g_learned,456,100,0.51,0.4117647058823529,0.38461538461538464,0.5294117647058824,0.6956521739130435,0.5294117647058824
simplified,w_g_learned,456,200,0.59,0.6111111111111112,0.4423076923076923,0.675,0.6829268292682927,0.5806451612903226
simplified,w_g_learned,456,400,0.6925,0.6753246753246753,0.5340909090909091,0.7792207792207793,0.7848101265822784,0.7088607594936709
simplified,w_g_learned,456,700,0.7914285714285715,0.7686567164179104,0.684931506849315,0.8675496688741722,0.8582677165354331,0.7816901408450704
simplified,w_g_learned,456,1000,0.852,0.8342245989304813,0.7729468599033816,0.9033816425120773,0.9027027027027027,0.8504672897196262
simplified,w_g_learned,789,50,0.52,0.3,0.7142857142857143,0.5384615384615384,0.6363636363636364,0.4444444444444444
simplified,w_g_learned,789,100,0.59,0.42857142857142855,0.7058823529411765,0.6296296296296297,0.6875,0.5263157894736842
simplified,w_g_learned,789,200,0.655,0.48,0.7,0.7380952380952381,0.7941176470588235,0.6176470588235294
simplified,w_g_learned,789,400,0.8,0.7052631578947368,0.7976190476190477,0.8313253012048193,0.8870967741935484,0.8157894736842105
simplified,w_g_learned,789,700,0.8842857142857142,0.8092105263157895,0.8930817610062893,0.8939393939393939,0.9416666666666667,0.8978102189781022
simplified,w_g_learned,789,1000,0.916,0.8592233009708737,0.923728813559322,0.9230769230769231,0.9497206703910615,0.9289340101522843
simplified,w_g_learned,1024,50,0.36,0.4,0.42857142857142855,0.2,0.4666666666666667,0.25
simplified,w_g_learned,1024,100,0.49,0.4,0.5,0.5,0.5714285714285714,0.47058823529411764
simplified,w_g_learned,1024,200,0.645,0.45,0.6578947368421053,0.6739130434782609,0.7555555555555555,0.6774193548387096
simplified,w_g_learned,1024,400,0.755,0.6222222222222222,0.7721518987341772,0.8241758241758241,0.8333333333333334,0.7352941176470589
simplified,w_g_learned,1024,700,0.8242857142857143,0.6691729323308271,0.8482758620689655,0.8809523809523809,0.8970588235294118,0.8050847457627118
simplified,w_g_learned,1024,1000,0.861,0.7472527472527473,0.8720379146919431,0.9020408163265307,0.9153439153439153,0.8497109826589595
simplified,w_g_learned,2048,50,0.36,0.25,0.2,0.5555555555555556,0.2857142857142857,0.42857142857142855
simplified,w_g_learned,2048,100,0.47,0.29411764705882354,0.4,0.6666666666666666,0.4444444444444444,0.5217391304347826
simplified,w_g_learned,2048,200,0.59,0.35294117647058826,0.5135135135135135,0.7435897435897436,0.6304347826086957,0.6590909090909091
simplified,w_g_learned,2048,400,0.7675,0.6617647058823529,0.7560975609756098,0.8536585365853658,0.7380952380952381,0.8095238095238095
simplified,w_g_learned,2048,700,0.8642857142857143,0.8244274809160306,0.8581560283687943,0.910958904109589,0.8503401360544217,0.8740740740740741
simplified,w_g_learned,2048,1000,0.902,0.875,0.8934010152284264,0.9346733668341709,0.8952380952380953,0.9108910891089109
simplified,w_g_learned,3072,50,0.42,0.5714285714285714,0.2,0.625,0.3333333333333333,0.3333333333333333
simplified,w_g_learned,3072,100,0.56,0.5,0.45,0.6956521739130435,0.6153846153846154,0.5454545454545454
simplified,w_g_learned,3072,200,0.655,0.5333333333333333,0.6363636363636364,0.725,0.7333333333333333,0.6829268292682927
simplified,w_g_learned,3072,400,0.8,0.7228915662650602,0.7682926829268293,0.8289473684210527,0.8787878787878788,0.8172043010752689
simplified,w_g_learned,3072,700,0.8771428571428571,0.8308823529411765,0.8367346938775511,0.9057971014492754,0.9291338582677166,0.8881578947368421
simplified,w_g_learned,3072,1000,0.911,0.875,0.8840579710144928,0.934010152284264,0.9395604395604396,0.9234234234234234
simplified,w_g_learned,4096,50,0.5,0.6,0.1111111111111111,0.6666666666666666,0.5,0.6153846153846154
simplified,w_g_learned,4096,100,0.68,0.75,0.5294117647058824,0.8333333333333334,0.65,0.64
simplified,w_g_learned,4096,200,0.725,0.7560975609756098,0.5294117647058824,0.8125,0.7551020408163265,0.75
simplified,w_g_learned,4096,400,0.8,0.8192771084337349,0.6623376623376623,0.8153846153846154,0.8433734939759037,0.8478260869565217
simplified,w_g_learned,4096,700,0.86,0.8758620689655172,0.7762237762237763,0.8818897637795275,0.9020979020979021,0.8661971830985915
simplified,w_g_learned,4096,1000,0.899,0.9112149532710281,0.8465116279069768,0.9120879120879121,0.9285714285714286,0.9015544041450777
simplified,w_g_learned,5120,50,0.34,0.25,0.5,0.3333333333333333,0.3333333333333333,0.3076923076923077
simplified,w_g_learned,5120,100,0.53,0.4444444444444444,0.5625,0.5238095238095238,0.6190476190476191,0.5
simplified,w_g_learned,5120,200,0.645,0.6060606060606061,0.5142857142857142,0.65,0.7954545454545454,0.625
simplified,w_g_learned,5120,400,0.675,0.6219512195121951,0.6029411764705882,0.7093023255813954,0.76,0.6741573033707865
simplified,w_g_learned,5120,700,0.7314285714285714,0.7054794520547946,0.6774193548387096,0.732484076433121,0.8166666666666667,0.7320261437908496
simplified,w_g_learned,5120,1000,0.755,0.7307692307692307,0.7094972067039106,0.7603686635944701,0.8351063829787234,0.7403846153846154
simplified,w_g_learned,6144,50,0.38,0.375,0.42857142857142855,0.375,0.4444444444444444,0.3
simplified,w_g_learned,6144,100,0.48,0.4782608695652174,0.625,0.5,0.5789473684210527,0.2727272727272727
simplified,w_g_learned,6144,200,0.63,0.6444444444444445,0.6764705882352942,0.5405405405405406,0.75,0.5454545454545454
simplified,w_g_learned,6144,400,0.7575,0.7816091954022989,0.75,0.7283950617283951,0.825,0.7045454545454546
simplified,w_g_learned,6144,700,0.8514285714285714,0.8609271523178808,0.8378378378378378,0.8496732026143791,0.8979591836734694,0.8043478260869565
simplified,w_g_learned,6144,1000,0.896,0.8990384615384616,0.893491124260355,0.8899521531100478,0.9278846153846154,0.8689320388349514
simplified,w_augmented,42,50,0.28,0.1111111111111111,0.4444444444444444,0.25,0.3076923076923077,0.2727272727272727
simplified,w_augmented,42,100,0.47,0.45454545454545453,0.4117647058823529,0.5714285714285714,0.5384615384615384,0.2857142857142857
simplified,w_augmented,42,200,0.58,0.6046511627906976,0.4444444444444444,0.6818181818181818,0.5714285714285714,0.5714285714285714
simplified,w_augmented,42,400,0.6675,0.6477272727272727,0.5571428571428572,0.7325581395348837,0.6666666666666666,0.72
simplified,w_augmented,42,700,0.7328571428571429,0.6866666666666666,0.6747967479674797,0.7746478873239436,0.7278911564625851,0.7971014492753623
simplified,w_augmented,42,1000,0.764,0.6697247706422018,0.7717391304347826,0.7810945273631841,0.75,0.8578680203045685
simplified,w_augmented,123,50,0.46,0.7,0.2727272727272727,0.3333333333333333,0.7777777777777778,0.2727272727272727
simplified,w_augmented,123,100,0.49,0.7,0.35,0.4166666666666667,0.7058823529411765,0.3157894736842105
simplified,w_augmented,123,200,0.66,0.7317073170731707,0.6222222222222222,0.6097560975609756,0.7567567567567568,0.5833333333333334
simplified,w_augmented,123,400,0.7475,0.7804878048780488,0.7126436781609196,0.7407407407407407,0.7837837837837838,0.7236842105263158
simplified,w_augmented,123,700,0.7714285714285715,0.7480916030534351,0.7414965986394558,0.782608695652174,0.8378378378378378,0.7426470588235294
simplified,w_augmented,123,1000,0.763,0.7379679144385026,0.7263681592039801,0.794392523364486,0.8058252427184466,0.7447916666666666
simplified,w_augmented,456,50,0.52,0.16666666666666666,0.42857142857142855,0.5454545454545454,0.6923076923076923,0.6666666666666666
simplified,w_augmented,456,100,0.5,0.4117647058823529,0.34615384615384615,0.5294117647058824,0.6956521739130435,0.5294117647058824
simplified,w_augmented,456,200,0.565,0.5833333333333334,0.46153846153846156,0.575,0.6341463414634146,0.6129032258064516
simplified,w_augmented,456,400,0.6525,0.6233766233766234,0.5340909090909091,0.6753246753246753,0.7341772151898734,0.7088607594936709
simplified,w_augmented,456,700,0.7,0.6865671641791045,0.6232876712328768,0.7086092715231788,0.7401574803149606,0.7464788732394366
simplified,w_augmented,456,1000,0.714,0.679144385026738,0.6231884057971014,0.748792270531401,0.772972972972973,0.7476635514018691
simplified,w_augmented,789,50,0.52,0.3,0.5714285714285714,0.6153846153846154,0.6363636363636364,0.4444444444444444
simplified,w_augmented,789,100,0.59,0.47619047619047616,0.6470588235294118,0.6666666666666666,0.625,0.5263157894736842
simplified,w_augmented,789,200,0.655,0.6,0.55,0.7380952380952381,0.7352941176470589,0.6764705882352942
simplified,w_augmented,789,400,0.7425,0.7263157894736842,0.7023809523809523,0.7590361445783133,0.7741935483870968,0.7631578947368421
simplified,w_augmented,789,700,0.8271428571428572,0.7894736842105263,0.8364779874213837,0.8409090909090909,0.8583333333333333,0.8175182481751825
simplified,w_augmented,789,1000,0.852,0.8155339805825242,0.8898305084745762,0.8681318681318682,0.8212290502793296,0.8578680203045685
simplified,w_augmented,1024,50,0.38,0.4,0.42857142857142855,0.2,0.5333333333333333,0.25
simplified,w_augmented,1024,100,0.52,0.45,0.5,0.5454545454545454,0.6666666666666666,0.4117647058823529
simplified,w_augmented,1024,200,0.66,0.575,0.631578947368421,0.6521739130434783,0.7777777777777778,0.6451612903225806
simplified,w_augmented,1024,400,0.735,0.6555555555555556,0.7215189873417721,0.7912087912087912,0.8055555555555556,0.7058823529411765
simplified,w_augmented,1024,700,0.76,0.6541353383458647,0.7448275862068966,0.8095238095238095,0.8235294117647058,0.7542372881355932
simplified,w_augmented,1024,1000,0.758,0.6648351648351648,0.7535545023696683,0.7959183673469388,0.8042328042328042,0.7572254335260116
simplified,w_augmented,2048,50,0.24,0.125,0.2,0.4444444444444444,0.21428571428571427,0.21428571428571427
simplified,w_augmented,2048,100,0.44,0.35294117647058826,0.4,0.6111111111111112,0.4444444444444444,0.391304347826087
simplified,w_augmented,2048,200,0.585,0.5588235294117647,0.4864864864864865,0.6923076923076923,0.5652173913043478,0.6136363636363636
simplified,w_augmented,2048,400,0.7575,0.7352941176470589,0.7560975609756098,0.8292682926829268,0.6666666666666666,0.7976190476190477
simplified,w_augmented,2048,700,0.8328571428571429,0.816793893129771,0.8581560283687943,0.8767123287671232,0.7482993197278912,0.8666666666666667
simplified,w_augmented,2048,1000,0.846,0.8072916666666666,0.8984771573604061,0.8844221105527639,0.7476190476190476,0.8960396039603961
simplified,w_augmented,3072,50,0.38,0.42857142857142855,0.2,0.625,0.3333333333333333,0.3333333333333333
simplified,w_augmented,3072,100,0.52,0.36363636363636365,0.45,0.6521739130434783,0.6153846153846154,0.5454545454545454
simplified,w_augmented,3072,200,0.62,0.5555555555555556,0.6363636363636364,0.625,0.6333333333333333,0.6585365853658537
simplified,w_augmented,3072,400,0.75,0.6987951807228916,0.7926829268292683,0.7236842105263158,0.7424242424242424,0.7849462365591398
simplified,w_augmented,3072,700,0.8228571428571428,0.7941176470588235,0.8639455782312925,0.8188405797101449,0.7637795275590551,0.8618421052631579
simplified,w_augmented,3072,1000,0.849,0.7864583333333334,0.9033816425120773,0.8578680203045685,0.7857142857142857,0.8963963963963963
simplified,w_augmented,4096,50,0.56,0.8,0.4444444444444444,0.6666666666666666,0.42857142857142855,0.6153846153846154
simplified,w_augmented,4096,100,0.68,0.8,0.5882352941176471,0.8333333333333334,0.6,0.6
simplified,w_augmented,4096,200,0.685,0.7804878048780488,0.4411764705882353,0.8125,0.6530612244897959,0.7272727272727273
simplified,w_augmented,4096,400,0.72,0.7831325301204819,0.5584415584415584,0.7692307692307693,0.7228915662650602,0.7608695652173914
simplified,w_augmented,4096,700,0.7142857142857143,0.7103448275862069,0.6083916083916084,0.7952755905511811,0.7552447552447552,0.7112676056338029
simplified,w_augmented,4096,1000,0.714,0.6962616822429907,0.6232558139534884,0.7802197802197802,0.75,0.7357512953367875
simplified,w_augmented,5120,50,0.36,0.25,0.5,0.3333333333333333,0.2222222222222222,0.46153846153846156
simplified,w_augmented,5120,100,0.52,0.5,0.5625,0.47619047619047616,0.5238095238095238,0.5416666666666666
simplified,w_augmented,5120,200,0.65,0.6060606060606061,0.5714285714285714,0.6,0.75,0.6875
simplified,w_augmented,5120,400,0.6625,0.6097560975609756,0.6176470588235294,0.6627906976744186,0.68,0.7303370786516854
simplified,w_augmented,5120,700,0.7057142857142857,0.6506849315068494,0.6612903225806451,0.7006369426751592,0.75,0.7647058823529411
simplified,w_augmented,5120,1000,0.715,0.6538461538461539,0.6983240223463687,0.7373271889400922,0.7340425531914894,0.75
simplified,w_augmented,6144,50,0.44,0.5,0.2857142857142857,0.375,0.5555555555555556,0.4
simplified,w_augmented,6144,100,0.48,0.5217391304347826,0.4375,0.45,0.5789473684210527,0.4090909090909091
simplified,w_augmented,6144,200,0.6,0.6666666666666666,0.5588235294117647,0.4864864864864865,0.675,0.5909090909090909
simplified,w_augmented,6144,400,0.6775,0.7011494252873564,0.640625,0.6172839506172839,0.7125,0.7045454545454546
simplified,w_augmented,6144,700,0.7014285714285714,0.6887417218543046,0.6846846846846847,0.673202614379085,0.7619047619047619,0.6956521739130435
simplified,w_augmented,6144,1000,0.727,0.6730769230769231,0.7396449704142012,0.7320574162679426,0.7692307692307693,0.7233009708737864
simplified,w_per_category,42,50,0.28,0.2222222222222222,0.4444444444444444,0.25,0.23076923076923078,0.2727272727272727
simplified,w_per_category,42,100,0.4,0.3181818181818182,0.4117647058823529,0.47619047619047616,0.46153846153846156,0.2857142857142857
simplified,w_per_category,42,200,0.475,0.5813953488372093,0.3333333333333333,0.5909090909090909,0.47619047619047616,0.34285714285714286
simplified,w_per_category,42,400,0.5525,0.6704545454545454,0.34285714285714286,0.6976744186046512,0.5925925925925926,0.4
simplified,w_per_category,42,700,0.6328571428571429,0.6666666666666666,0.5203252032520326,0.7464788732394366,0.6666666666666666,0.5434782608695652
simplified,w_per_category,42,1000,0.679,0.6605504587155964,0.6521739130434783,0.7512437810945274,0.68,0.649746192893401
simplified,w_per_category,123,50,0.46,0.8,0.2727272727272727,0.3333333333333333,0.5555555555555556,0.36363636363636365
simplified,w_per_category,123,100,0.38,0.7,0.2,0.375,0.35294117647058826,0.2631578947368421
simplified,w_per_category,123,200,0.42,0.7560975609756098,0.35555555555555557,0.3170731707317073,0.32432432432432434,0.3333333333333333
simplified,w_per_category,123,400,0.5125,0.7682926829268293,0.4482758620689655,0.43209876543209874,0.44594594594594594,0.4605263157894737
simplified,w_per_category,123,700,0.62,0.7709923664122137,0.6190476190476191,0.5869565217391305,0.5878378378378378,0.5441176470588235
simplified,w_per_category,123,1000,0.68,0.7433155080213903,0.7064676616915423,0.6822429906542056,0.6407766990291263,0.6302083333333334
simplified,w_per_category,456,50,0.3,0.16666666666666666,0.2857142857142857,0.09090909090909091,0.38461538461538464,0.6666666666666666
simplified,w_per_category,456,100,0.32,0.35294117647058826,0.19230769230769232,0.17647058823529413,0.5652173913043478,0.29411764705882354
simplified,w_per_category,456,200,0.435,0.5,0.34615384615384615,0.375,0.5609756097560976,0.41935483870967744
simplified,w_per_category,456,400,0.53,0.5584415584415584,0.4318181818181818,0.5454545454545454,0.620253164556962,0.5063291139240507
simplified,w_per_category,456,700,0.6214285714285714,0.6044776119402985,0.6164383561643836,0.6556291390728477,0.6220472440944882,0.6056338028169014
simplified,w_per_category,456,1000,0.668,0.6096256684491979,0.7198067632850241,0.7246376811594203,0.6216216216216216,0.6542056074766355
simplified,w_per_category,789,50,0.4,0.3,0.2857142857142857,0.46153846153846156,0.6363636363636364,0.2222222222222222
simplified,w_per_category,789,100,0.4,0.42857142857142855,0.29411764705882354,0.5185185185185185,0.625,0.10526315789473684
simplified,w_per_category,789,200,0.475,0.52,0.35,0.6428571428571429,0.6176470588235294,0.20588235294117646
simplified,w_per_category,789,400,0.5375,0.6421052631578947,0.47619047619047616,0.6265060240963856,0.6129032258064516,0.3157894736842105
simplified,w_per_category,789,700,0.6228571428571429,0.6973684210526315,0.6226415094339622,0.6363636363636364,0.6416666666666667,0.5109489051094891
simplified,w_per_category,789,1000,0.668,0.7475728155339806,0.7161016949152542,0.6593406593406593,0.6424581005586593,0.5583756345177665
simplified,w_per_category,1024,50,0.3,0.4,0.2857142857142857,0.1,0.4,0.25
simplified,w_per_category,1024,100,0.35,0.45,0.15,0.36363636363636365,0.38095238095238093,0.4117647058823529
simplified,w_per_category,1024,200,0.445,0.525,0.23684210526315788,0.41304347826086957,0.5333333333333333,0.5161290322580645
simplified,w_per_category,1024,400,0.5475,0.6,0.4430379746835443,0.5274725274725275,0.625,0.5441176470588235
simplified,w_per_category,1024,700,0.6157142857142858,0.631578947368421,0.5862068965517241,0.5833333333333334,0.6617647058823529,0.6271186440677966
simplified,w_per_category,1024,1000,0.661,0.6703296703296703,0.6540284360189573,0.6448979591836734,0.671957671957672,0.6705202312138728
simplified,w_per_category,2048,50,0.2,0.375,0.2,0.4444444444444444,0.07142857142857142,0.07142857142857142
simplified,w_per_category,2048,100,0.29,0.47058823529411764,0.3333333333333333,0.4444444444444444,0.18518518518518517,0.13043478260869565
simplified,w_per_category,2048,200,0.38,0.5588235294117647,0.2972972972972973,0.38461538461538464,0.41304347826086957,0.2727272727272727
simplified,w_per_category,2048,400,0.47,0.5735294117647058,0.35365853658536583,0.5121951219512195,0.5,0.42857142857142855
simplified,w_per_category,2048,700,0.5642857142857143,0.5877862595419847,0.5531914893617021,0.5684931506849316,0.5714285714285714,0.5407407407407407
simplified,w_per_category,2048,1000,0.613,0.6197916666666666,0.649746192893401,0.5728643216080402,0.5857142857142857,0.6386138613861386
simplified,w_per_category,3072,50,0.28,0.42857142857142855,0.2,0.25,0.16666666666666666,0.25
simplified,w_per_category,3072,100,0.34,0.36363636363636365,0.25,0.43478260869565216,0.23076923076923078,0.36363636363636365
simplified,w_per_category,3072,200,0.44,0.5555555555555556,0.4090909090909091,0.45,0.43333333333333335,0.34146341463414637
simplified,w_per_category,3072,400,0.54,0.6024096385542169,0.5121951219512195,0.5,0.6212121212121212,0.4838709677419355
simplified,w_per_category,3072,700,0.6171428571428571,0.6838235294117647,0.6394557823129252,0.5942028985507246,0.6141732283464567,0.5592105263157895
simplified,w_per_category,3072,1000,0.663,0.6927083333333334,0.7391304347826086,0.6142131979695431,0.6153846153846154,0.6486486486486487
simplified,w_per_category,4096,50,0.36,0.6,0.1111111111111111,0.2222222222222222,0.42857142857142855,0.46153846153846156
simplified,w_per_category,4096,100,0.47,0.6,0.4117647058823529,0.2777777777777778,0.5,0.52
simplified,w_per_category,4096,200,0.45,0.5853658536585366,0.47058823529411764,0.34375,0.3877551020408163,0.45454545454545453
simplified,w_per_category,4096,400,0.5375,0.6385542168674698,0.4805194805194805,0.47692307692307695,0.5060240963855421,0.5652173913043478
simplified,w_per_category,4096,700,0.6071428571428571,0.6206896551724138,0.5664335664335665,0.5905511811023622,0.6293706293706294,0.6267605633802817
simplified,w_per_category,4096,1000,0.646,0.6542056074766355,0.6325581395348837,0.6263736263736264,0.6224489795918368,0.694300518134715
simplified,w_per_category,5120,50,0.3,0.375,0.375,0.3333333333333333,0.2222222222222222,0.23076923076923078
simplified,w_per_category,5120,100,0.38,0.3333333333333333,0.4375,0.38095238095238093,0.42857142857142855,0.3333333333333333
simplified,w_per_category,5120,200,0.46,0.45454545454545453,0.34285714285714286,0.475,0.5909090909090909,0.4166666666666667
simplified,w_per_category,5120,400,0.5275,0.5487804878048781,0.4411764705882353,0.5348837209302325,0.56,0.5393258426966292
simplified,w_per_category,5120,700,0.5885714285714285,0.5684931506849316,0.6048387096774194,0.5732484076433121,0.5916666666666667,0.6078431372549019
simplified,w_per_category,5120,1000,0.611,0.5817307692307693,0.6703910614525139,0.6036866359447005,0.574468085106383,0.6298076923076923
simplified,w_per_category,6144,50,0.34,0.375,0.2857142857142857,0.375,0.3333333333333333,0.3
simplified,w_per_category,6144,100,0.38,0.43478260869565216,0.5,0.35,0.5263157894736842,0.13636363636363635
simplified,w_per_category,6144,200,0.44,0.4888888888888889,0.47058823529411764,0.3783783783783784,0.675,0.20454545454545456
simplified,w_per_category,6144,400,0.5525,0.6091954022988506,0.578125,0.5185185185185185,0.6875,0.38636363636363635
simplified,w_per_category,6144,700,0.6114285714285714,0.6026490066225165,0.6306306306306306,0.5947712418300654,0.6870748299319728,0.5434782608695652
simplified,w_per_category,6144,1000,0.659,0.625,0.7100591715976331,0.6698564593301436,0.6730769230769231,0.6262135922330098
realistic,w_only,42,50,0.32,0.2222222222222222,0.5555555555555556,0.375,0.23076923076923078,0.2727272727272727
realistic,w_only,42,100,0.43,0.5,0.4117647058823529,0.5238095238095238,0.4230769230769231,0.21428571428571427
realistic,w_only,42,200,0.465,0.627906976744186,0.3888888888888889,0.5681818181818182,0.4523809523809524,0.22857142857142856
realistic,w_only,42,400,0.485,0.6477272727272727,0.37142857142857144,0.5232558139534884,0.5432098765432098,0.29333333333333333
realistic,w_only,42,700,0.4857142857142857,0.6466666666666666,0.37398373983739835,0.5070422535211268,0.5510204081632653,0.3188405797101449
realistic,w_only,42,1000,0.491,0.6146788990825688,0.3967391304347826,0.5124378109452736,0.56,0.350253807106599
realistic,w_only,123,50,0.36,0.7,0.18181818181818182,0.1111111111111111,0.5555555555555556,0.2727272727272727
realistic,w_only,123,100,0.3,0.65,0.15,0.16666666666666666,0.4117647058823529,0.15789473684210525
realistic,w_only,123,200,0.37,0.7560975609756098,0.3111111111111111,0.24390243902439024,0.2972972972972973,0.2222222222222222
realistic,w_only,123,400,0.4325,0.7804878048780488,0.3793103448275862,0.345679012345679,0.3918918918918919,0.25
realistic,w_only,123,700,0.48142857142857143,0.7480916030534351,0.3401360544217687,0.42028985507246375,0.5540540540540541,0.3602941176470588
realistic,w_only,123,1000,0.491,0.7219251336898396,0.3383084577114428,0.45794392523364486,0.5679611650485437,0.3802083333333333
realistic,w_only,456,50,0.44,0.16666666666666666,0.2857142857142857,0.45454545454545453,0.6923076923076923,0.5
realistic,w_only,456,100,0.49,0.47058823529411764,0.3076923076923077,0.47058823529411764,0.7391304347826086,0.47058823529411764
realistic,w_only,456,200,0.475,0.6388888888888888,0.3269230769230769,0.45,0.6341463414634146,0.3548387096774194
realistic,w_only,456,400,0.46,0.6493506493506493,0.2840909090909091,0.42857142857142855,0.6708860759493671,0.2911392405063291
realistic,w_only,456,700,0.48,0.6716417910447762,0.3767123287671233,0.4370860927152318,0.6299212598425197,0.31690140845070425
realistic,w_only,456,1000,0.492,0.7005347593582888,0.4106280193236715,0.4396135265700483,0.6054054054054054,0.3411214953271028
realistic,w_only,789,50,0.36,0.3,0.42857142857142855,0.46153846153846156,0.36363636363636365,0.2222222222222222
realistic,w_only,789,100,0.39,0.2857142857142857,0.5294117647058824,0.48148148148148145,0.375,0.2631578947368421
realistic,w_only,789,200,0.485,0.42,0.575,0.5714285714285714,0.5294117647058824,0.3235294117647059
realistic,w_only,789,400,0.5075,0.49473684210526314,0.5357142857142857,0.5783132530120482,0.5806451612903226,0.35526315789473684
realistic,w_only,789,700,0.5114285714285715,0.5263157894736842,0.48427672955974843,0.5757575757575758,0.6,0.38686131386861317
realistic,w_only,789,1000,0.518,0.5679611650485437,0.4449152542372881,0.5714285714285714,0.5977653631284916,0.43147208121827413
realistic,w_only,1024,50,0.28,0.3,0.14285714285714285,0.2,0.4,0.25
realistic,w_only,1024,100,0.33,0.3,0.25,0.36363636363636365,0.3333333333333333,0.4117647058823529
realistic,w_only,1024,200,0.41,0.35,0.3157894736842105,0.4782608695652174,0.4444444444444444,0.45161290322580644
realistic,w_only,1024,400,0.4725,0.5333333333333333,0.35443037974683544,0.4945054945054945,0.5277777777777778,0.4411764705882353
realistic,w_only,1024,700,0.5,0.556390977443609,0.36551724137931035,0.5059523809523809,0.5955882352941176,0.4830508474576271
realistic,w_only,1024,1000,0.496,0.5879120879120879,0.3744075829383886,0.4857142857142857,0.6031746031746031,0.44508670520231214
realistic,w_only,2048,50,0.2,0.25,0.2,0.3333333333333333,0.21428571428571427,0.07142857142857142
realistic,w_only,2048,100,0.27,0.4117647058823529,0.26666666666666666,0.3333333333333333,0.2962962962962963,0.08695652173913043
realistic,w_only,2048,200,0.375,0.5588235294117647,0.2702702702702703,0.46153846153846156,0.45652173913043476,0.1590909090909091
realistic,w_only,2048,400,0.4575,0.6029411764705882,0.36585365853658536,0.5609756097560976,0.5119047619047619,0.27380952380952384
realistic,w_only,2048,700,0.4957142857142857,0.6412213740458015,0.3829787234042553,0.547945205479452,0.564625850340136,0.34074074074074073
realistic,w_only,2048,1000,0.503,0.6354166666666666,0.38578680203045684,0.5527638190954773,0.5761904761904761,0.36633663366336633
realistic,w_only,3072,50,0.3,0.5,0.2,0.375,0.16666666666666666,0.16666666666666666
realistic,w_only,3072,100,0.37,0.36363636363636365,0.3,0.4782608695652174,0.46153846153846156,0.2727272727272727
realistic,w_only,3072,200,0.44,0.4,0.38636363636363635,0.5,0.6,0.36585365853658536
realistic,w_only,3072,400,0.47,0.5301204819277109,0.3780487804878049,0.4342105263157895,0.6666666666666666,0.3870967741935484
realistic,w_only,3072,700,0.5,0.6470588235294118,0.3877551020408163,0.463768115942029,0.6377952755905512,0.39473684210526316
realistic,w_only,3072,1000,0.495,0.640625,0.40096618357487923,0.47715736040609136,0.6153846153846154,0.3738738738738739
realistic,w_only,4096,50,0.28,0.6,0.1111111111111111,0.2222222222222222,0.2857142857142857,0.3076923076923077
realistic,w_only,4096,100,0.41,0.45,0.35294117647058826,0.4444444444444444,0.35,0.44
realistic,w_only,4096,200,0.43,0.5121951219512195,0.29411764705882354,0.5,0.3877551020408163,0.45454545454545453
realistic,w_only,4096,400,0.4925,0.6506024096385542,0.35064935064935066,0.5230769230769231,0.4939759036144578,0.44565217391304346
realistic,w_only,4096,700,0.48428571428571426,0.6206896551724138,0.36363636363636365,0.4881889763779528,0.5454545454545454,0.4014084507042254
realistic,w_only,4096,1000,0.489,0.6261682242990654,0.35348837209302325,0.5164835164835165,0.5408163265306123,0.40932642487046633
realistic,w_only,5120,50,0.26,0.25,0.375,0.25,0.2222222222222222,0.23076923076923078
realistic,w_only,5120,100,0.39,0.4444444444444444,0.4375,0.38095238095238093,0.42857142857142855,0.2916666666666667
realistic,w_only,5120,200,0.475,0.5151515151515151,0.34285714285714286,0.525,0.6590909090909091,0.3333333333333333
realistic,w_only,5120,400,0.4875,0.573170731707317,0.3382352941176471,0.5348837209302325,0.6133333333333333,0.3707865168539326
realistic,w_only,5120,700,0.49142857142857144,0.589041095890411,0.3225806451612903,0.5095541401273885,0.6333333333333333,0.40522875816993464
realistic,w_only,5120,1000,0.477,0.5961538461538461,0.31843575418994413,0.48847926267281105,0.6063829787234043,0.36538461538461536
realistic,w_only,6144,50,0.32,0.4375,0.2857142857142857,0.375,0.3333333333333333,0.1
realistic,w_only,6144,100,0.34,0.391304347826087,0.3125,0.35,0.5263157894736842,0.13636363636363635
realistic,w_only,6144,200,0.44,0.4444444444444444,0.38235294117647056,0.43243243243243246,0.65,0.29545454545454547
realistic,w_only,6144,400,0.4875,0.5862068965517241,0.34375,0.4567901234567901,0.675,0.3522727272727273
realistic,w_only,6144,700,0.4642857142857143,0.5827814569536424,0.3063063063063063,0.40522875816993464,0.6598639455782312,0.3188405797101449
realistic,w_only,6144,1000,0.474,0.5769230769230769,0.3076923076923077,0.46411483253588515,0.6490384615384616,0.33980582524271846
realistic,w_g_static,42,50,0.26,0.1111111111111111,0.4444444444444444,0.25,0.23076923076923078,0.2727272727272727
realistic,w_g_static,42,100,0.35,0.2727272727272727,0.35294117647058826,0.47619047619047616,0.38461538461538464,0.21428571428571427
realistic,w_g_static,42,200,0.39,0.4883720930232558,0.2777777777777778,0.4772727272727273,0.38095238095238093,0.2857142857142857
realistic,w_g_static,42,400,0.4525,0.5909090909090909,0.34285714285714286,0.4883720930232558,0.49382716049382713,0.30666666666666664
realistic,w_g_static,42,700,0.4785714285714286,0.64,0.36585365853658536,0.49295774647887325,0.5238095238095238,0.34057971014492755
realistic,w_g_static,42,1000,0.493,0.6284403669724771,0.4076086956521739,0.5024875621890548,0.54,0.36548223350253806
realistic,w_g_static,123,50,0.38,0.7,0.2727272727272727,0.1111111111111111,0.5555555555555556,0.2727272727272727
realistic,w_g_static,123,100,0.34,0.65,0.2,0.25,0.4117647058823529,0.21052631578947367
realistic,w_g_static,123,200,0.34,0.7073170731707317,0.3111111111111111,0.24390243902439024,0.24324324324324326,0.16666666666666666
realistic,w_g_static,123,400,0.43,0.7682926829268293,0.3448275862068966,0.4074074074074074,0.3918918918918919,0.2236842105263158
realistic,w_g_static,123,700,0.48,0.7404580152671756,0.32653061224489793,0.45652173913043476,0.5540540540540541,0.3382352941176471
realistic,w_g_static,123,1000,0.488,0.7165775401069518,0.3283582089552239,0.48130841121495327,0.558252427184466,0.3645833333333333
realistic,w_g_static,456,50,0.44,0.0,0.21428571428571427,0.45454545454545453,0.7692307692307693,0.6666666666666666
realistic,w_g_static,456,100,0.44,0.23529411764705882,0.2692307692307692,0.47058823529411764,0.7391304347826086,0.47058823529411764
realistic,w_g_static,456,200,0.435,0.4722222222222222,0.34615384615384615,0.375,0.6341463414634146,0.3548387096774194
realistic,w_g_static,456,400,0.4325,0.5324675324675324,0.3068181818181818,0.37662337662337664,0.6708860759493671,0.2911392405063291
realistic,w_g_static,456,700,0.45,0.5895522388059702,0.3493150684931507,0.3973509933774834,0.6377952755905512,0.30985915492957744
realistic,w_g_static,456,1000,0.461,0.6363636363636364,0.357487922705314,0.4106280193236715,0.6108108108108108,0.32710280373831774
realistic,w_g_static,789,50,0.4,0.3,0.2857142857142857,0.46153846153846156,0.6363636363636364,0.2222222222222222
realistic,w_g_static,789,100,0.41,0.3333333333333333,0.35294117647058826,0.4074074074074074,0.6875,0.3157894736842105
realistic,w_g_static,789,200,0.47,0.44,0.475,0.5238095238095238,0.5588235294117647,0.35294117647058826
realistic,w_g_static,789,400,0.5025,0.49473684210526314,0.5,0.5421686746987951,0.5967741935483871,0.39473684210526316
realistic,w_g_static,789,700,0.5085714285714286,0.5263157894736842,0.46540880503144655,0.553030303030303,0.6083333333333333,0.40875912408759124
realistic,w_g_static,789,1000,0.515,0.5631067961165048,0.4322033898305085,0.554945054945055,0.6033519553072626,0.4467005076142132
realistic,w_g_static,1024,50,0.26,0.2,0.14285714285714285,0.2,0.4,0.25
realistic,w_g_static,1024,100,0.3,0.25,0.15,0.36363636363636365,0.3333333333333333,0.4117647058823529
realistic,w_g_static,1024,200,0.41,0.4,0.2894736842105263,0.4782608695652174,0.4222222222222222,0.45161290322580644
realistic,w_g_static,1024,400,0.465,0.5444444444444444,0.34177215189873417,0.4945054945054945,0.5138888888888888,0.4117647058823529
realistic,w_g_static,1024,700,0.4928571428571429,0.5639097744360902,0.3586206896551724,0.5059523809523809,0.6102941176470589,0.423728813559322
realistic,w_g_static,1024,1000,0.49,0.5934065934065934,0.3696682464454976,0.4857142857142857,0.6137566137566137,0.3988439306358382
realistic,w_g_static,2048,50,0.2,0.25,0.2,0.3333333333333333,0.21428571428571427,0.07142857142857142
realistic,w_g_static,2048,100,0.29,0.4117647058823529,0.26666666666666666,0.3888888888888889,0.3333333333333333,0.08695652173913043
realistic,w_g_static,2048,200,0.4,0.5294117647058824,0.32432432432432434,0.48717948717948717,0.4782608695652174,0.20454545454545456
realistic,w_g_static,2048,400,0.475,0.6029411764705882,0.43902439024390244,0.5487804878048781,0.5357142857142857,0.27380952380952384
realistic,w_g_static,2048,700,0.5014285714285714,0.6183206106870229,0.41843971631205673,0.541095890410959,0.5782312925170068,0.34814814814814815
realistic,w_g_static,2048,1000,0.507,0.6197916666666666,0.41116751269035534,0.5477386934673367,0.5857142857142857,0.3712871287128713
realistic,w_g_static,3072,50,0.3,0.42857142857142855,0.2,0.5,0.16666666666666666,0.16666666666666666
realistic,w_g_static,3072,100,0.4,0.36363636363636365,0.35,0.5217391304347826,0.46153846153846156,0.3181818181818182
realistic,w_g_static,3072,200,0.44,0.4,0.38636363636363635,0.525,0.5666666666666667,0.36585365853658536
realistic,w_g_static,3072,400,0.475,0.5301204819277109,0.4024390243902439,0.42105263157894735,0.6363636363636364,0.41935483870967744
realistic,w_g_static,3072,700,0.5042857142857143,0.6544117647058824,0.4013605442176871,0.45652173913043476,0.6220472440944882,0.4144736842105263
realistic,w_g_static,3072,1000,0.499,0.6458333333333334,0.42028985507246375,0.4720812182741117,0.5989010989010989,0.38738738738738737
realistic,w_g_static,4096,50,0.4,0.6,0.1111111111111111,0.3333333333333333,0.35714285714285715,0.6153846153846154
realistic,w_g_static,4096,100,0.49,0.4,0.4117647058823529,0.5555555555555556,0.4,0.64
realistic,w_g_static,4096,200,0.405,0.3902439024390244,0.2647058823529412,0.5,0.30612244897959184,0.5681818181818182
realistic,w_g_static,4096,400,0.46,0.5421686746987951,0.2987012987012987,0.5230769230769231,0.4457831325301205,0.4891304347826087
realistic,w_g_static,4096,700,0.4742857142857143,0.5793103448275863,0.34265734265734266,0.49606299212598426,0.5174825174825175,0.43661971830985913
realistic,w_g_static,4096,1000,0.489,0.6074766355140186,0.34418604651162793,0.521978021978022,0.5204081632653061,0.45595854922279794
realistic,w_g_static,5120,50,0.26,0.25,0.375,0.25,0.2222222222222222,0.23076923076923078
realistic,w_g_static,5120,100,0.39,0.4444444444444444,0.4375,0.3333333333333333,0.42857142857142855,0.3333333333333333
realistic,w_g_static,5120,200,0.48,0.48484848484848486,0.3142857142857143,0.5,0.6818181818181818,0.3958333333333333
realistic,w_g_static,5120,400,0.4875,0.5609756097560976,0.35294117647058826,0.5,0.6133333333333333,0.4044943820224719
realistic,w_g_static,5120,700,0.49,0.5821917808219178,0.33064516129032256,0.49044585987261147,0.6333333333333333,0.41830065359477125
realistic,w_g_static,5120,1000,0.477,0.5961538461538461,0.329608938547486,0.47465437788018433,0.5957446808510638,0.3798076923076923
realistic,w_g_static,6144,50,0.3,0.3125,0.2857142857142857,0.375,0.3333333333333333,0.2
realistic,w_g_static,6144,100,0.32,0.30434782608695654,0.375,0.35,0.47368421052631576,0.13636363636363635
realistic,w_g_static,6144,200,0.41,0.4444444444444444,0.38235294117647056,0.40540540540540543,0.575,0.25
realistic,w_g_static,6144,400,0.4675,0.5517241379310345,0.34375,0.4444444444444444,0.6375,0.3409090909090909
realistic,w_g_static,6144,700,0.45714285714285713,0.5629139072847682,0.3153153153153153,0.39869281045751637,0.6394557823129252,0.32608695652173914
realistic,w_g_static,6144,1000,0.469,0.5673076923076923,0.3076923076923077,0.45933014354066987,0.6298076923076923,0.34951456310679613
realistic,w_g_learned,42,50,0.32,0.2222222222222222,0.5555555555555556,0.375,0.23076923076923078,0.2727272727272727
realistic,w_g_learned,42,100,0.43,0.5,0.4117647058823529,0.5238095238095238,0.4230769230769231,0.21428571428571427
realistic,w_g_learned,42,200,0.465,0.627906976744186,0.3888888888888889,0.5681818181818182,0.4523809523809524,0.22857142857142856
realistic,w_g_learned,42,400,0.4825,0.6477272727272727,0.37142857142857144,0.5232558139534884,0.5308641975308642,0.29333333333333333
realistic,w_g_learned,42,700,0.4857142857142857,0.6533333333333333,0.37398373983739835,0.5070422535211268,0.54421768707483,0.3188405797101449
realistic,w_g_learned,42,1000,0.491,0.6192660550458715,0.3967391304347826,0.5124378109452736,0.555,0.350253807106599
realistic,w_g_learned,123,50,0.36,0.7,0.18181818181818182,0.1111111111111111,0.5555555555555556,0.2727272727272727
realistic,w_g_learned,123,100,0.3,0.65,0.15,0.16666666666666666,0.4117647058823529,0.15789473684210525
realistic,w_g_learned,123,200,0.37,0.7560975609756098,0.26666666666666666,0.24390243902439024,0.35135135135135137,0.2222222222222222
realistic,w_g_learned,123,400,0.43,0.7804878048780488,0.3448275862068966,0.345679012345679,0.4189189189189189,0.25
realistic,w_g_learned,123,700,0.48142857142857143,0.7480916030534351,0.3197278911564626,0.42028985507246375,0.5675675675675675,0.36764705882352944
realistic,w_g_learned,123,1000,0.491,0.7219251336898396,0.32338308457711445,0.45794392523364486,0.5776699029126213,0.3854166666666667
realistic,w_g_learned,456,50,0.44,0.16666666666666666,0.2857142857142857,0.45454545454545453,0.6923076923076923,0.5
realistic,w_g_learned,456,100,0.49,0.47058823529411764,0.3076923076923077,0.47058823529411764,0.7391304347826086,0.47058823529411764
realistic,w_g_learned,456,200,0.475,0.6388888888888888,0.3269230769230769,0.45,0.6341463414634146,0.3548387096774194
realistic,w_g_learned,456,400,0.4575,0.6233766233766234,0.29545454545454547,0.42857142857142855,0.6708860759493671,0.2911392405063291
realistic,w_g_learned,456,700,0.4785714285714286,0.6567164179104478,0.3767123287671233,0.4304635761589404,0.6456692913385826,0.31690140845070425
realistic,w_g_learned,456,1000,0.488,0.679144385026738,0.4057971014492754,0.43478260869565216,0.6270270270270271,0.3317757009345794
realistic,w_g_learned,789,50,0.36,0.3,0.42857142857142855,0.46153846153846156,0.36363636363636365,0.2222222222222222
realistic,w_g_learned,789,100,0.39,0.2857142857142857,0.5294117647058824,0.48148148148148145,0.375,0.2631578947368421
realistic,w_g_learned,789,200,0.485,0.42,0.575,0.5714285714285714,0.5294117647058824,0.3235294117647059
realistic,w_g_learned,789,400,0.5075,0.49473684210526314,0.5357142857142857,0.5783132530120482,0.5806451612903226,0.35526315789473684
realistic,w_g_learned,789,700,0.5114285714285715,0.5263157894736842,0.48427672955974843,0.5757575757575758,0.6,0.38686131386861317
realistic,w_g_learned,789,1000,0.518,0.5679611650485437,0.4449152542372881,0.5714285714285714,0.5977653631284916,0.43147208121827413
realistic,w_g_learned,1024,50,0.28,0.3,0.14285714285714285,0.2,0.4,0.25
realistic,w_g_learned,1024,100,0.33,0.3,0.25,0.36363636363636365,0.3333333333333333,0.4117647058823529
realistic,w_g_learned,1024,200,0.41,0.35,0.3157894736842105,0.4782608695652174,0.4444444444444444,0.45161290322580644
realistic,w_g_learned,1024,400,0.4725,0.5333333333333333,0.35443037974683544,0.4945054945054945,0.5277777777777778,0.4411764705882353
realistic,w_g_learned,1024,700,0.5014285714285714,0.556390977443609,0.36551724137931035,0.5119047619047619,0.5955882352941176,0.4830508474576271
realistic,w_g_learned,1024,1000,0.497,0.5879120879120879,0.3744075829383886,0.4897959183673469,0.6031746031746031,0.44508670520231214
realistic,w_g_learned,2048,50,0.2,0.25,0.2,0.3333333333333333,0.21428571428571427,0.07142857142857142
realistic,w_g_learned,2048,100,0.27,0.4117647058823529,0.26666666666666666,0.3333333333333333,0.2962962962962963,0.08695652173913043
realistic,w_g_learned,2048,200,0.38,0.5588235294117647,0.2972972972972973,0.46153846153846156,0.45652173913043476,0.1590909090909091
realistic,w_g_learned,2048,400,0.465,0.6029411764705882,0.4024390243902439,0.5609756097560976,0.5119047619047619,0.27380952380952384
realistic,w_g_learned,2048,700,0.5014285714285714,0.6412213740458015,0.40425531914893614,0.547945205479452,0.564625850340136,0.34814814814814815
realistic,w_g_learned,2048,1000,0.507,0.6354166666666666,0.4010152284263959,0.5527638190954773,0.5761904761904761,0.3712871287128713
realistic,w_g_learned,3072,50,0.3,0.5,0.2,0.375,0.16666666666666666,0.16666666666666666
realistic,w_g_learned,3072,100,0.37,0.36363636363636365,0.3,0.4782608695652174,0.46153846153846156,0.2727272727272727
realistic,w_g_learned,3072,200,0.44,0.4,0.38636363636363635,0.5,0.6,0.36585365853658536
realistic,w_g_learned,3072,400,0.4675,0.5180722891566265,0.36585365853658536,0.4342105263157895,0.6818181818181818,0.3870967741935484
realistic,w_g_learned,3072,700,0.49857142857142855,0.6323529411764706,0.38095238095238093,0.463768115942029,0.6456692913385826,0.40131578947368424
realistic,w_g_learned,3072,1000,0.494,0.6302083333333334,0.3961352657004831,0.47715736040609136,0.6208791208791209,0.3783783783783784
realistic,w_g_learned,4096,50,0.28,0.6,0.1111111111111111,0.2222222222222222,0.2857142857142857,0.3076923076923077
realistic,w_g_learned,4096,100,0.41,0.45,0.35294117647058826,0.4444444444444444,0.35,0.44
realistic,w_g_learned,4096,200,0.43,0.5121951219512195,0.29411764705882354,0.5,0.3877551020408163,0.45454545454545453
realistic,w_g_learned,4096,400,0.4925,0.6506024096385542,0.35064935064935066,0.5230769230769231,0.4939759036144578,0.44565217391304346
realistic,w_g_learned,4096,700,0.4828571428571429,0.6206896551724138,0.36363636363636365,0.4881889763779528,0.5524475524475524,0.3873239436619718
realistic,w_g_learned,4096,1000,0.484,0.616822429906542,0.3488372093023256,0.5164835164835165,0.5459183673469388,0.39378238341968913
realistic,w_g_learned,5120,50,0.26,0.25,0.375,0.25,0.2222222222222222,0.23076923076923078
realistic,w_g_learned,5120,100,0.39,0.4444444444444444,0.4375,0.38095238095238093,0.42857142857142855,0.2916666666666667
realistic,w_g_learned,5120,200,0.475,0.5151515151515151,0.34285714285714286,0.525,0.6590909090909091,0.3333333333333333
realistic,w_g_learned,5120,400,0.4875,0.573170731707317,0.3382352941176471,0.5348837209302325,0.6133333333333333,0.3707865168539326
realistic,w_g_learned,5120,700,0.49142857142857144,0.589041095890411,0.3225806451612903,0.5095541401273885,0.6333333333333333,0.40522875816993464
realistic,w_g_learned,5120,1000,0.477,0.5913461538461539,0.31843575418994413,0.48847926267281105,0.6063829787234043,0.3701923076923077
realistic,w_g_learned,6144,50,0.32,0.4375,0.2857142857142857,0.375,0.3333333333333333,0.1
realistic,w_g_learned,6144,100,0.37,0.391304347826087,0.3125,0.45,0.5263157894736842,0.18181818181818182
realistic,w_g_learned,6144,200,0.465,0.4444444444444444,0.4117647058823529,0.4864864864864865,0.65,0.3409090909090909
realistic,w_g_learned,6144,400,0.5025,0.5862068965517241,0.359375,0.48148148148148145,0.675,0.38636363636363635
realistic,w_g_learned,6144,700,0.47285714285714286,0.5827814569536424,0.3153153153153153,0.41830065359477125,0.6598639455782312,0.34057971014492755
realistic,w_g_learned,6144,1000,0.48,0.5769230769230769,0.3136094674556213,0.47368421052631576,0.6490384615384616,0.35436893203883496
realistic,w_augmented,42,50,0.26,0.2222222222222222,0.5555555555555556,0.125,0.15384615384615385,0.2727272727272727
realistic,w_augmented,42,100,0.37,0.5454545454545454,0.4117647058823529,0.2857142857142857,0.3076923076923077,0.2857142857142857
realistic,w_augmented,42,200,0.43,0.6511627906976745,0.3611111111111111,0.4090909090909091,0.38095238095238093,0.3142857142857143
realistic,w_augmented,42,400,0.485,0.6704545454545454,0.35714285714285715,0.4418604651162791,0.49382716049382713,0.4266666666666667
realistic,w_augmented,42,700,0.5114285714285715,0.6666666666666666,0.3902439024390244,0.45774647887323944,0.5238095238095238,0.4927536231884058
realistic,w_augmented,42,1000,0.513,0.6284403669724771,0.42391304347826086,0.47761194029850745,0.54,0.47715736040609136
realistic,w_augmented,123,50,0.38,0.7,0.18181818181818182,0.1111111111111111,0.6666666666666666,0.2727272727272727
realistic,w_augmented,123,100,0.35,0.6,0.25,0.16666666666666666,0.5882352941176471,0.21052631578947367
realistic,w_augmented,123,200,0.435,0.6585365853658537,0.37777777777777777,0.2926829268292683,0.5135135135135135,0.3333333333333333
realistic,w_augmented,123,400,0.46,0.6951219512195121,0.39080459770114945,0.37037037037037035,0.5135135135135135,0.32894736842105265
realistic,w_augmented,123,700,0.49857142857142855,0.6946564885496184,0.3469387755102041,0.43478260869565216,0.6148648648648649,0.4117647058823529
realistic,w_augmented,123,1000,0.505,0.6844919786096256,0.3482587064676617,0.4672897196261682,0.6116504854368932,0.421875
realistic,w_augmented,456,50,0.48,0.16666666666666666,0.35714285714285715,0.5454545454545454,0.6923076923076923,0.5
realistic,w_augmented,456,100,0.48,0.4117647058823529,0.3076923076923077,0.5294117647058824,0.6956521739130435,0.47058823529411764
realistic,w_augmented,456,200,0.47,0.5555555555555556,0.36538461538461536,0.45,0.6097560975609756,0.3870967741935484
realistic,w_augmented,456,400,0.495,0.6103896103896104,0.375,0.42857142857142855,0.6582278481012658,0.4177215189873418
realistic,w_augmented,456,700,0.52,0.6268656716417911,0.4520547945205479,0.45695364238410596,0.6141732283464567,0.47183098591549294
realistic,w_augmented,456,1000,0.543,0.6096256684491979,0.4927536231884058,0.5314009661835749,0.6,0.4953271028037383
realistic,w_augmented,789,50,0.4,0.3,0.42857142857142855,0.46153846153846156,0.5454545454545454,0.2222222222222222
realistic,w_augmented,789,100,0.39,0.2857142857142857,0.35294117647058826,0.4074074074074074,0.5625,0.3684210526315789
realistic,w_augmented,789,200,0.47,0.42,0.5,0.5238095238095238,0.5294117647058824,0.38235294117647056
realistic,w_augmented,789,400,0.5,0.4842105263157895,0.4880952380952381,0.5542168674698795,0.5806451612903226,0.40789473684210525
realistic,w_augmented,789,700,0.5071428571428571,0.5197368421052632,0.4591194968553459,0.5606060606060606,0.6,0.41605839416058393
realistic,w_augmented,789,1000,0.514,0.558252427184466,0.4279661016949153,0.5604395604395604,0.5977653631284916,0.4517766497461929
realistic,w_augmented,1024,50,0.26,0.2,0.14285714285714285,0.3,0.3333333333333333,0.25
realistic,w_augmented,1024,100,0.33,0.3,0.3,0.36363636363636365,0.38095238095238093,0.29411764705882354
realistic,w_augmented,1024,200,0.445,0.475,0.4473684210526316,0.41304347826086957,0.5111111111111111,0.3548387096774194
realistic,w_augmented,1024,400,0.4925,0.5888888888888889,0.43037974683544306,0.46153846153846156,0.5694444444444444,0.39705882352941174
realistic,w_augmented,1024,700,0.52,0.5939849624060151,0.4413793103448276,0.4880952380952381,0.6176470588235294,0.4661016949152542
realistic,w_augmented,1024,1000,0.517,0.6153846153846154,0.4597156398104265,0.47346938775510206,0.6190476190476191,0.43352601156069365
realistic,w_augmented,2048,50,0.2,0.25,0.2,0.3333333333333333,0.14285714285714285,0.14285714285714285
realistic,w_augmented,2048,100,0.28,0.4117647058823529,0.2,0.3888888888888889,0.2962962962962963,0.13043478260869565
realistic,w_augmented,2048,200,0.39,0.5588235294117647,0.35135135135135137,0.41025641025641024,0.45652173913043476,0.20454545454545456
realistic,w_augmented,2048,400,0.45,0.5882352941176471,0.3902439024390244,0.524390243902439,0.5119047619047619,0.2619047619047619
realistic,w_augmented,2048,700,0.48857142857142855,0.6183206106870229,0.3900709219858156,0.5273972602739726,0.564625850340136,0.34074074074074073
realistic,w_augmented,2048,1000,0.499,0.6197916666666666,0.39593908629441626,0.5376884422110553,0.5761904761904761,0.36633663366336633
realistic,w_augmented,3072,50,0.34,0.42857142857142855,0.2,0.625,0.16666666666666666,0.25
realistic,w_augmented,3072,100,0.44,0.36363636363636365,0.4,0.6086956521739131,0.46153846153846156,0.36363636363636365
realistic,w_augmented,3072,200,0.48,0.4888888888888889,0.4090909090909091,0.575,0.5666666666666667,0.3902439024390244
realistic,w_augmented,3072,400,0.51,0.6144578313253012,0.4634146341463415,0.4605263157894737,0.6515151515151515,0.3978494623655914
realistic,w_augmented,3072,700,0.5285714285714286,0.6911764705882353,0.4557823129251701,0.4782608695652174,0.6299212598425197,0.4144736842105263
realistic,w_augmented,3072,1000,0.519,0.671875,0.46859903381642515,0.4873096446700508,0.6098901098901099,0.38738738738738737
realistic,w_augmented,4096,50,0.38,0.6,0.1111111111111111,0.3333333333333333,0.35714285714285715,0.5384615384615384
realistic,w_augmented,4096,100,0.47,0.5,0.4117647058823529,0.5,0.35,0.56
realistic,w_augmented,4096,200,0.42,0.5121951219512195,0.29411764705882354,0.5,0.30612244897959184,0.5
realistic,w_augmented,4096,400,0.4825,0.6144578313253012,0.4025974025974026,0.5230769230769231,0.39759036144578314,0.4782608695652174
realistic,w_augmented,4096,700,0.4957142857142857,0.5724137931034483,0.46853146853146854,0.4881889763779528,0.48951048951048953,0.45774647887323944
realistic,w_augmented,4096,1000,0.5,0.5841121495327103,0.4511627906976744,0.5164835164835165,0.5,0.44559585492227977
realistic,w_augmented,5120,50,0.24,0.375,0.25,0.25,0.2222222222222222,0.15384615384615385
realistic,w_augmented,5120,100,0.39,0.5,0.3125,0.38095238095238093,0.5238095238095238,0.25
realistic,w_augmented,5120,200,0.48,0.5757575757575758,0.2857142857142857,0.525,0.7045454545454546,0.3125
realistic,w_augmented,5120,400,0.485,0.5853658536585366,0.3088235294117647,0.5348837209302325,0.6266666666666667,0.3595505617977528
realistic,w_augmented,5120,700,0.49714285714285716,0.5958904109589042,0.33064516129032256,0.5095541401273885,0.6416666666666667,0.4117647058823529
realistic,w_augmented,5120,1000,0.492,0.5961538461538461,0.37988826815642457,0.48847926267281105,0.6117021276595744,0.3798076923076923
realistic,w_augmented,6144,50,0.38,0.5,0.2857142857142857,0.375,0.3333333333333333,0.3
realistic,w_augmented,6144,100,0.39,0.4782608695652174,0.25,0.5,0.47368421052631576,0.22727272727272727
realistic,w_augmented,6144,200,0.485,0.5777777777777777,0.38235294117647056,0.4864864864864865,0.625,0.3409090909090909
realistic,w_augmented,6144,400,0.515,0.6436781609195402,0.359375,0.48148148148148145,0.6625,0.3977272727272727
realistic,w_augmented,6144,700,0.4857142857142857,0.6158940397350994,0.34234234234234234,0.41830065359477125,0.6530612244897959,0.35507246376811596
realistic,w_augmented,6144,1000,0.501,0.6009615384615384,0.40236686390532544,0.47368421052631576,0.6442307692307693,0.3640776699029126
realistic,w_per_category,42,50,0.28,0.2222222222222222,0.4444444444444444,0.25,0.23076923076923078,0.2727272727272727
realistic,w_per_category,42,100,0.32,0.3181818181818182,0.29411764705882354,0.42857142857142855,0.2692307692307692,0.2857142857142857
realistic,w_per_category,42,200,0.37,0.5348837209302325,0.3055555555555556,0.38636363636363635,0.2857142857142857,0.3142857142857143
realistic,w_per_category,42,400,0.435,0.5909090909090909,0.3,0.47674418604651164,0.3950617283950617,0.37333333333333335
realistic,w_per_category,42,700,0.4828571428571429,0.6,0.36585365853658536,0.5915492957746479,0.46938775510204084,0.36231884057971014
realistic,w_per_category,42,1000,0.515,0.5779816513761468,0.4673913043478261,0.6069651741293532,0.495,0.41624365482233505
realistic,w_per_category,123,50,0.46,0.7,0.2727272727272727,0.3333333333333333,0.6666666666666666,0.36363636363636365
realistic,w_per_category,123,100,0.38,0.65,0.2,0.2916666666666667,0.5294117647058824,0.2631578947368421
realistic,w_per_category,123,200,0.36,0.6829268292682927,0.26666666666666666,0.21951219512195122,0.3783783783783784,0.25
realistic,w_per_category,123,400,0.415,0.7195121951219512,0.27586206896551724,0.30864197530864196,0.40540540540540543,0.3684210526315789
realistic,w_per_category,123,700,0.47714285714285715,0.7175572519083969,0.36054421768707484,0.427536231884058,0.527027027027027,0.36764705882352944
realistic,w_per_category,123,1000,0.527,0.7112299465240641,0.42786069651741293,0.5327102803738317,0.5388349514563107,0.4322916666666667
realistic,w_per_category,456,50,0.36,0.16666666666666666,0.21428571428571427,0.18181818181818182,0.6153846153846154,0.6666666666666666
realistic,w_per_category,456,100,0.34,0.4117647058823529,0.11538461538461539,0.23529411764705882,0.6521739130434783,0.29411764705882354
realistic,w_per_category,456,200,0.4,0.5555555555555556,0.25,0.325,0.5853658536585366,0.3225806451612903
realistic,w_per_category,456,400,0.4425,0.6233766233766234,0.3068181818181818,0.36363636363636365,0.620253164556962,0.31645569620253167
realistic,w_per_category,456,700,0.4757142857142857,0.6343283582089553,0.3972602739726027,0.4304635761589404,0.5748031496062992,0.36619718309859156
realistic,w_per_category,456,1000,0.509,0.6096256684491979,0.46859903381642515,0.5120772946859904,0.5459459459459459,0.4252336448598131
realistic,w_per_category,789,50,0.26,0.2,0.14285714285714285,0.07692307692307693,0.6363636363636364,0.2222222222222222
realistic,w_per_category,789,100,0.32,0.3333333333333333,0.23529411764705882,0.18518518518518517,0.625,0.3157894736842105
realistic,w_per_category,789,200,0.395,0.5,0.3,0.2857142857142857,0.5588235294117647,0.3235294117647059
realistic,w_per_category,789,400,0.44,0.6105263157894737,0.34523809523809523,0.39759036144578314,0.5645161290322581,0.27631578947368424
realistic,w_per_category,789,700,0.48714285714285716,0.6644736842105263,0.41509433962264153,0.44696969696969696,0.5583333333333333,0.35036496350364965
realistic,w_per_category,789,1000,0.516,0.6893203883495146,0.461864406779661,0.4725274725274725,0.5642458100558659,0.39593908629441626
realistic,w_per_category,1024,50,0.28,0.4,0.2857142857142857,0.1,0.3333333333333333,0.25
realistic,w_per_category,1024,100,0.31,0.45,0.15,0.3181818181818182,0.3333333333333333,0.29411764705882354
realistic,w_per_category,1024,200,0.405,0.525,0.21052631578947367,0.43478260869565216,0.4444444444444444,0.3870967741935484
realistic,w_per_category,1024,400,0.4775,0.6222222222222222,0.34177215189873417,0.5054945054945055,0.5277777777777778,0.35294117647058826
realistic,w_per_category,1024,700,0.5157142857142857,0.6616541353383458,0.41379310344827586,0.5238095238095238,0.5808823529411765,0.3898305084745763
realistic,w_per_category,1024,1000,0.534,0.6923076923076923,0.44075829383886256,0.5591836734693878,0.582010582010582,0.3930635838150289
realistic,w_per_category,2048,50,0.18,0.25,0.2,0.3333333333333333,0.14285714285714285,0.07142857142857142
realistic,w_per_category,2048,100,0.29,0.4117647058823529,0.3333333333333333,0.3888888888888889,0.2962962962962963,0.08695652173913043
realistic,w_per_category,2048,200,0.35,0.5,0.32432432432432434,0.358974358974359,0.45652173913043476,0.13636363636363635
realistic,w_per_category,2048,400,0.39,0.5441176470588235,0.2804878048780488,0.4268292682926829,0.5,0.2261904761904762
realistic,w_per_category,2048,700,0.45,0.5801526717557252,0.3333333333333333,0.4520547945205479,0.5374149659863946,0.34814814814814815
realistic,w_per_category,2048,1000,0.479,0.6041666666666666,0.39086294416243655,0.4723618090452261,0.5428571428571428,0.38613861386138615
realistic,w_per_category,3072,50,0.32,0.42857142857142855,0.2,0.375,0.16666666666666666,0.3333333333333333
realistic,w_per_category,3072,100,0.36,0.36363636363636365,0.25,0.4782608695652174,0.23076923076923078,0.4090909090909091
realistic,w_per_category,3072,200,0.46,0.5333333333333333,0.36363636363636365,0.5,0.43333333333333335,0.4634146341463415
realistic,w_per_category,3072,400,0.49,0.6024096385542169,0.4146341463414634,0.4868421052631579,0.5454545454545454,0.41935483870967744
realistic,w_per_category,3072,700,0.5257142857142857,0.6764705882352942,0.4013605442176871,0.5362318840579711,0.5669291338582677,0.46710526315789475
realistic,w_per_category,3072,1000,0.543,0.6666666666666666,0.45893719806763283,0.5380710659898477,0.5494505494505495,0.5135135135135135
realistic,w_per_category,4096,50,0.38,0.6,0.3333333333333333,0.3333333333333333,0.35714285714285715,0.38461538461538464
realistic,w_per_category,4096,100,0.46,0.65,0.4117647058823529,0.3888888888888889,0.35,0.48
realistic,w_per_category,4096,200,0.39,0.5853658536585366,0.35294117647058826,0.34375,0.22448979591836735,0.45454545454545453
realistic,w_per_category,4096,400,0.43,0.6265060240963856,0.36363636363636365,0.3384615384615385,0.3614457831325301,0.43478260869565216
realistic,w_per_category,4096,700,0.47285714285714286,0.5793103448275863,0.4125874125874126,0.4330708661417323,0.46853146853146854,0.4647887323943662
realistic,w_per_category,4096,1000,0.503,0.6308411214953271,0.4418604651162791,0.46703296703296704,0.4846938775510204,0.48186528497409326
realistic,w_per_category,5120,50,0.28,0.375,0.375,0.25,0.2222222222222222,0.23076923076923078
realistic,w_per_category,5120,100,0.36,0.3888888888888889,0.375,0.3333333333333333,0.42857142857142855,0.2916666666666667
realistic,w_per_category,5120,200,0.415,0.48484848484848486,0.2857142857142857,0.35,0.6363636363636364,0.3125
realistic,w_per_category,5120,400,0.4525,0.6097560975609756,0.3382352941176471,0.3953488372093023,0.56,0.3595505617977528
realistic,w_per_category,5120,700,0.4742857142857143,0.6164383561643836,0.3467741935483871,0.4585987261146497,0.5833333333333334,0.37254901960784315
realistic,w_per_category,5120,1000,0.5,0.6538461538461539,0.4022346368715084,0.48847926267281105,0.5372340425531915,0.40865384615384615
realistic,w_per_category,6144,50,0.34,0.375,0.2857142857142857,0.375,0.3333333333333333,0.3
realistic,w_per_category,6144,100,0.34,0.43478260869565216,0.375,0.3,0.47368421052631576,0.13636363636363635
realistic,w_per_category,6144,200,0.4,0.4888888888888889,0.3235294117647059,0.35135135135135137,0.575,0.25
realistic,w_per_category,6144,400,0.455,0.5862068965517241,0.3125,0.38271604938271603,0.6125,0.3522727272727273
realistic,w_per_category,6144,700,0.4928571428571429,0.6026490066225165,0.3333333333333333,0.43790849673202614,0.6054421768707483,0.4420289855072464
realistic,w_per_category,6144,1000,0.535,0.6346153846153846,0.4378698224852071,0.5215311004784688,0.5865384615384616,0.47572815533980584
