method,seed,domain_pair,theta_logit,top_k,threshold,n_discovered,true_pos,false_pos,false_neg,precision,recall,f1
two_stage,42,secxthr,0.01,1,,200,7,193,13,0.035,0.35,0.0636
two_stage,42,secxthr,0.01,2,,400,12,388,8,0.03,0.6,0.0571
two_stage,42,secxthr,0.01,3,,600,16,584,4,0.0267,0.8,0.0516
two_stage,42,secxthr,0.01,5,,1000,20,980,0,0.02,1.0,0.0392
two_stage,42,secxthr,0.02,1,,200,7,193,13,0.035,0.35,0.0636
two_stage,42,secxthr,0.02,2,,400,12,388,8,0.03,0.6,0.0571
two_stage,42,secxthr,0.02,3,,600,16,584,4,0.0267,0.8,0.0516
two_stage,42,secxthr,0.02,5,,1000,20,980,0,0.02,1.0,0.0392
two_stage,42,secxthr,0.03,1,,200,7,193,13,0.035,0.35,0.0636
two_stage,42,secxthr,0.03,2,,400,12,388,8,0.03,0.6,0.0571
two_stage,42,secxthr,0.03,3,,595,16,579,4,0.0269,0.8,0.052
two_stage,42,secxthr,0.03,5,,950,20,930,0,0.0211,1.0,0.0412
two_stage,42,secxthr,0.04,1,,155,6,149,14,0.0387,0.3,0.0686
two_stage,42,secxthr,0.04,2,,247,10,237,10,0.0405,0.5,0.0749
two_stage,42,secxthr,0.04,3,,298,11,287,9,0.0369,0.55,0.0692
two_stage,42,secxthr,0.04,5,,335,13,322,7,0.0388,0.65,0.0732
two_stage,42,secxthr,0.05,1,,38,5,33,15,0.1316,0.25,0.1724
two_stage,42,secxthr,0.05,2,,43,5,38,15,0.1163,0.25,0.1587
two_stage,42,secxthr,0.05,3,,43,5,38,15,0.1163,0.25,0.1587
two_stage,42,secxthr,0.05,5,,43,5,38,15,0.1163,0.25,0.1587
two_stage,42,secxthr,0.06,1,,5,0,5,20,0.0,0.0,0.0
two_stage,42,secxthr,0.06,2,,5,0,5,20,0.0,0.0,0.0
two_stage,42,secxthr,0.06,3,,5,0,5,20,0.0,0.0,0.0
two_stage,42,secxthr,0.06,5,,5,0,5,20,0.0,0.0,0.0
logit_only,42,secxthr,0.01,,,10816,20,10796,0,0.0018,1.0,0.0037
logit_only,42,secxthr,0.02,,,4354,20,4334,0,0.0046,1.0,0.0091
logit_only,42,secxthr,0.03,,,1378,20,1358,0,0.0145,1.0,0.0286
logit_only,42,secxthr,0.04,,,337,13,324,7,0.0386,0.65,0.0728
logit_only,42,secxthr,0.05,,,43,5,38,15,0.1163,0.25,0.1587
logit_only,42,secxthr,0.06,,,5,0,5,20,0.0,0.0,0.0
topk_only,42,secxthr,,1,,200,7,193,13,0.035,0.35,0.0636
topk_only,42,secxthr,,2,,400,12,388,8,0.03,0.6,0.0571
topk_only,42,secxthr,,3,,600,16,584,4,0.0267,0.8,0.0516
topk_only,42,secxthr,,5,,1000,20,980,0,0.02,1.0,0.0392
cosine,42,secxthr,,,0.1,8871,20,8851,0,0.0023,1.0,0.0045
cosine,42,secxthr,,,0.15,4994,20,4974,0,0.004,1.0,0.008
cosine,42,secxthr,,,0.2,2508,20,2488,0,0.008,1.0,0.0158
cosine,42,secxthr,,,0.25,1194,20,1174,0,0.0168,1.0,0.0329
cosine,42,secxthr,,,0.3,501,16,485,4,0.0319,0.8,0.0614
cosine,42,secxthr,,,0.35,172,8,164,12,0.0465,0.4,0.0833
random,42,secxthr,,,,223,0.1115,222.8885,19.8885,0.0005,0.0056,0.0009
two_stage,42,decxthr,0.01,1,,300,8,292,7,0.0267,0.5333,0.0508
two_stage,42,decxthr,0.01,2,,600,11,589,4,0.0183,0.7333,0.0358
two_stage,42,decxthr,0.01,3,,900,12,888,3,0.0133,0.8,0.0262
two_stage,42,decxthr,0.01,5,,1500,14,1486,1,0.0093,0.9333,0.0185
two_stage,42,decxthr,0.02,1,,300,8,292,7,0.0267,0.5333,0.0508
two_stage,42,decxthr,0.02,2,,600,11,589,4,0.0183,0.7333,0.0358
two_stage,42,decxthr,0.02,3,,900,12,888,3,0.0133,0.8,0.0262
two_stage,42,decxthr,0.02,5,,1500,14,1486,1,0.0093,0.9333,0.0185
two_stage,42,decxthr,0.03,1,,300,8,292,7,0.0267,0.5333,0.0508
two_stage,42,decxthr,0.03,2,,597,11,586,4,0.0184,0.7333,0.0359
two_stage,42,decxthr,0.03,3,,889,12,877,3,0.0135,0.8,0.0265
two_stage,42,decxthr,0.03,5,,1420,14,1406,1,0.0099,0.9333,0.0195
two_stage,42,decxthr,0.04,1,,245,8,237,7,0.0327,0.5333,0.0615
two_stage,42,decxthr,0.04,2,,401,11,390,4,0.0274,0.7333,0.0529
two_stage,42,decxthr,0.04,3,,490,12,478,3,0.0245,0.8,0.0475
two_stage,42,decxthr,0.04,5,,555,13,542,2,0.0234,0.8667,0.0456
two_stage,42,decxthr,0.05,1,,58,2,56,13,0.0345,0.1333,0.0548
two_stage,42,decxthr,0.05,2,,69,2,67,13,0.029,0.1333,0.0476
two_stage,42,decxthr,0.05,3,,71,2,69,13,0.0282,0.1333,0.0465
two_stage,42,decxthr,0.05,5,,71,2,69,13,0.0282,0.1333,0.0465
two_stage,42,decxthr,0.06,1,,2,1,1,14,0.5,0.0667,0.1176
two_stage,42,decxthr,0.06,2,,2,1,1,14,0.5,0.0667,0.1176
two_stage,42,decxthr,0.06,3,,2,1,1,14,0.5,0.0667,0.1176
two_stage,42,decxthr,0.06,5,,2,1,1,14,0.5,0.0667,0.1176
logit_only,42,decxthr,0.01,,,16291,15,16276,0,0.0009,1.0,0.0018
logit_only,42,decxthr,0.02,,,6528,15,6513,0,0.0023,1.0,0.0046
logit_only,42,decxthr,0.03,,,2140,15,2125,0,0.007,1.0,0.0139
logit_only,42,decxthr,0.04,,,564,13,551,2,0.023,0.8667,0.0449
logit_only,42,decxthr,0.05,,,71,2,69,13,0.0282,0.1333,0.0465
logit_only,42,decxthr,0.06,,,2,1,1,14,0.5,0.0667,0.1176
topk_only,42,decxthr,,1,,300,8,292,7,0.0267,0.5333,0.0508
topk_only,42,decxthr,,2,,600,11,589,4,0.0183,0.7333,0.0358
topk_only,42,decxthr,,3,,900,12,888,3,0.0133,0.8,0.0262
topk_only,42,decxthr,,5,,1500,14,1486,1,0.0093,0.9333,0.0185
cosine,42,decxthr,,,0.1,13401,15,13386,0,0.0011,1.0,0.0022
cosine,42,decxthr,,,0.15,7445,15,7430,0,0.002,1.0,0.004
cosine,42,decxthr,,,0.2,3761,15,3746,0,0.004,1.0,0.0079
cosine,42,decxthr,,,0.25,1856,15,1841,0,0.0081,1.0,0.016
cosine,42,decxthr,,,0.3,837,13,824,2,0.0155,0.8667,0.0305
cosine,42,decxthr,,,0.35,293,7,286,8,0.0239,0.4667,0.0455
random,42,decxthr,,,,350,0.0875,349.9125,14.9125,0.0003,0.0058,0.0005
two_stage,42,secxdec,0.01,1,,200,5,195,10,0.025,0.3333,0.0465
two_stage,42,secxdec,0.01,2,,400,8,392,7,0.02,0.5333,0.0386
two_stage,42,secxdec,0.01,3,,600,10,590,5,0.0167,0.6667,0.0325
two_stage,42,secxdec,0.01,5,,1000,11,989,4,0.011,0.7333,0.0217
two_stage,42,secxdec,0.02,1,,200,5,195,10,0.025,0.3333,0.0465
two_stage,42,secxdec,0.02,2,,400,8,392,7,0.02,0.5333,0.0386
two_stage,42,secxdec,0.02,3,,600,10,590,5,0.0167,0.6667,0.0325
two_stage,42,secxdec,0.02,5,,1000,11,989,4,0.011,0.7333,0.0217
two_stage,42,secxdec,0.03,1,,200,5,195,10,0.025,0.3333,0.0465
two_stage,42,secxdec,0.03,2,,400,8,392,7,0.02,0.5333,0.0386
two_stage,42,secxdec,0.03,3,,600,10,590,5,0.0167,0.6667,0.0325
two_stage,42,secxdec,0.03,5,,994,11,983,4,0.0111,0.7333,0.0218
two_stage,42,secxdec,0.04,1,,173,5,168,10,0.0289,0.3333,0.0532
two_stage,42,secxdec,0.04,2,,292,8,284,7,0.0274,0.5333,0.0521
two_stage,42,secxdec,0.04,3,,357,9,348,6,0.0252,0.6,0.0484
two_stage,42,secxdec,0.04,5,,400,10,390,5,0.025,0.6667,0.0482
two_stage,42,secxdec,0.05,1,,48,2,46,13,0.0417,0.1333,0.0635
two_stage,42,secxdec,0.05,2,,56,3,53,12,0.0536,0.2,0.0845
two_stage,42,secxdec,0.05,3,,56,3,53,12,0.0536,0.2,0.0845
two_stage,42,secxdec,0.05,5,,56,3,53,12,0.0536,0.2,0.0845
two_stage,42,secxdec,0.06,1,,5,0,5,15,0.0,0.0,0.0
two_stage,42,secxdec,0.06,2,,5,0,5,15,0.0,0.0,0.0
two_stage,42,secxdec,0.06,3,,5,0,5,15,0.0,0.0,0.0
two_stage,42,secxdec,0.06,5,,5,0,5,15,0.0,0.0,0.0
logit_only,42,secxdec,0.01,,,15994,15,15979,0,0.0009,1.0,0.0019
logit_only,42,secxdec,0.02,,,6413,15,6398,0,0.0023,1.0,0.0047
logit_only,42,secxdec,0.03,,,1982,15,1967,0,0.0076,1.0,0.015
logit_only,42,secxdec,0.04,,,409,10,399,5,0.0244,0.6667,0.0472
logit_only,42,secxdec,0.05,,,56,3,53,12,0.0536,0.2,0.0845
logit_only,42,secxdec,0.06,,,5,0,5,15,0.0,0.0,0.0
topk_only,42,secxdec,,1,,200,5,195,10,0.025,0.3333,0.0465
topk_only,42,secxdec,,2,,400,8,392,7,0.02,0.5333,0.0386
topk_only,42,secxdec,,3,,600,10,590,5,0.0167,0.6667,0.0325
topk_only,42,secxdec,,5,,1000,11,989,4,0.011,0.7333,0.0217
cosine,42,secxdec,,,0.1,13107,15,13092,0,0.0011,1.0,0.0023
cosine,42,secxdec,,,0.15,7367,15,7352,0,0.002,1.0,0.0041
cosine,42,secxdec,,,0.2,3613,15,3598,0,0.0042,1.0,0.0083
cosine,42,secxdec,,,0.25,1654,14,1640,1,0.0085,0.9333,0.0168
cosine,42,secxdec,,,0.3,638,12,626,3,0.0188,0.8,0.0368
cosine,42,secxdec,,,0.35,201,8,193,7,0.0398,0.5333,0.0741
random,42,secxdec,,,,246,0.0615,245.9385,14.9385,0.0003,0.0041,0.0005
two_stage,123,secxthr,0.01,1,,200,12,188,8,0.06,0.6,0.1091
two_stage,123,secxthr,0.01,2,,400,13,387,7,0.0325,0.65,0.0619
two_stage,123,secxthr,0.01,3,,600,16,584,4,0.0267,0.8,0.0516
two_stage,123,secxthr,0.01,5,,1000,19,981,1,0.019,0.95,0.0373
two_stage,123,secxthr,0.02,1,,200,12,188,8,0.06,0.6,0.1091
two_stage,123,secxthr,0.02,2,,400,13,387,7,0.0325,0.65,0.0619
two_stage,123,secxthr,0.02,3,,600,16,584,4,0.0267,0.8,0.0516
two_stage,123,secxthr,0.02,5,,1000,19,981,1,0.019,0.95,0.0373
two_stage,123,secxthr,0.03,1,,200,12,188,8,0.06,0.6,0.1091
two_stage,123,secxthr,0.03,2,,398,13,385,7,0.0327,0.65,0.0622
two_stage,123,secxthr,0.03,3,,592,16,576,4,0.027,0.8,0.0523
two_stage,123,secxthr,0.03,5,,944,19,925,1,0.0201,0.95,0.0394
two_stage,123,secxthr,0.04,1,,157,11,146,9,0.0701,0.55,0.1243
two_stage,123,secxthr,0.04,2,,257,11,246,9,0.0428,0.55,0.0794
two_stage,123,secxthr,0.04,3,,311,13,298,7,0.0418,0.65,0.0785
two_stage,123,secxthr,0.04,5,,334,13,321,7,0.0389,0.65,0.0734
two_stage,123,secxthr,0.05,1,,35,2,33,18,0.0571,0.1,0.0727
two_stage,123,secxthr,0.05,2,,41,2,39,18,0.0488,0.1,0.0656
two_stage,123,secxthr,0.05,3,,41,2,39,18,0.0488,0.1,0.0656
two_stage,123,secxthr,0.05,5,,41,2,39,18,0.0488,0.1,0.0656
two_stage,123,secxthr,0.06,1,,3,0,3,20,0.0,0.0,0.0
two_stage,123,secxthr,0.06,2,,3,0,3,20,0.0,0.0,0.0
two_stage,123,secxthr,0.06,3,,3,0,3,20,0.0,0.0,0.0
two_stage,123,secxthr,0.06,5,,3,0,3,20,0.0,0.0,0.0
logit_only,123,secxthr,0.01,,,10783,20,10763,0,0.0019,1.0,0.0037
logit_only,123,secxthr,0.02,,,4363,20,4343,0,0.0046,1.0,0.0091
logit_only,123,secxthr,0.03,,,1356,19,1337,1,0.014,0.95,0.0276
logit_only,123,secxthr,0.04,,,337,13,324,7,0.0386,0.65,0.0728
logit_only,123,secxthr,0.05,,,41,2,39,18,0.0488,0.1,0.0656
logit_only,123,secxthr,0.06,,,3,0,3,20,0.0,0.0,0.0
topk_only,123,secxthr,,1,,200,12,188,8,0.06,0.6,0.1091
topk_only,123,secxthr,,2,,400,13,387,7,0.0325,0.65,0.0619
topk_only,123,secxthr,,3,,600,16,584,4,0.0267,0.8,0.0516
topk_only,123,secxthr,,5,,1000,19,981,1,0.019,0.95,0.0373
cosine,123,secxthr,,,0.1,8842,20,8822,0,0.0023,1.0,0.0045
cosine,123,secxthr,,,0.15,4978,20,4958,0,0.004,1.0,0.008
cosine,123,secxthr,,,0.2,2464,20,2444,0,0.0081,1.0,0.0161
cosine,123,secxthr,,,0.25,1143,19,1124,1,0.0166,0.95,0.0327
cosine,123,secxthr,,,0.3,505,13,492,7,0.0257,0.65,0.0495
cosine,123,secxthr,,,0.35,157,8,149,12,0.051,0.4,0.0904
random,123,secxthr,,,,228,0.114,227.886,19.886,0.0005,0.0057,0.0009
two_stage,123,decxthr,0.01,1,,300,5,295,10,0.0167,0.3333,0.0317
two_stage,123,decxthr,0.01,2,,600,9,591,6,0.015,0.6,0.0293
two_stage,123,decxthr,0.01,3,,900,10,890,5,0.0111,0.6667,0.0219
two_stage,123,decxthr,0.01,5,,1500,12,1488,3,0.008,0.8,0.0158
two_stage,123,decxthr,0.02,1,,300,5,295,10,0.0167,0.3333,0.0317
two_stage,123,decxthr,0.02,2,,600,9,591,6,0.015,0.6,0.0293
two_stage,123,decxthr,0.02,3,,900,10,890,5,0.0111,0.6667,0.0219
two_stage,123,decxthr,0.02,5,,1500,12,1488,3,0.008,0.8,0.0158
two_stage,123,decxthr,0.03,1,,300,5,295,10,0.0167,0.3333,0.0317
two_stage,123,decxthr,0.03,2,,600,9,591,6,0.015,0.6,0.0293
two_stage,123,decxthr,0.03,3,,892,10,882,5,0.0112,0.6667,0.0221
two_stage,123,decxthr,0.03,5,,1438,12,1426,3,0.0083,0.8,0.0165
two_stage,123,decxthr,0.04,1,,252,5,247,10,0.0198,0.3333,0.0375
two_stage,123,decxthr,0.04,2,,417,7,410,8,0.0168,0.4667,0.0324
two_stage,123,decxthr,0.04,3,,502,7,495,8,0.0139,0.4667,0.0271
two_stage,123,decxthr,0.04,5,,555,8,547,7,0.0144,0.5333,0.0281
two_stage,123,decxthr,0.05,1,,57,2,55,13,0.0351,0.1333,0.0556
two_stage,123,decxthr,0.05,2,,68,2,66,13,0.0294,0.1333,0.0482
two_stage,123,decxthr,0.05,3,,68,2,66,13,0.0294,0.1333,0.0482
two_stage,123,decxthr,0.05,5,,68,2,66,13,0.0294,0.1333,0.0482
two_stage,123,decxthr,0.06,1,,5,1,4,14,0.2,0.0667,0.1
two_stage,123,decxthr,0.06,2,,5,1,4,14,0.2,0.0667,0.1
two_stage,123,decxthr,0.06,3,,5,1,4,14,0.2,0.0667,0.1
two_stage,123,decxthr,0.06,5,,5,1,4,14,0.2,0.0667,0.1
logit_only,123,decxthr,0.01,,,16290,15,16275,0,0.0009,1.0,0.0018
logit_only,123,decxthr,0.02,,,6646,15,6631,0,0.0023,1.0,0.0045
logit_only,123,decxthr,0.03,,,2168,13,2155,2,0.006,0.8667,0.0119
logit_only,123,decxthr,0.04,,,562,8,554,7,0.0142,0.5333,0.0277
logit_only,123,decxthr,0.05,,,68,2,66,13,0.0294,0.1333,0.0482
logit_only,123,decxthr,0.06,,,5,1,4,14,0.2,0.0667,0.1
topk_only,123,decxthr,,1,,300,5,295,10,0.0167,0.3333,0.0317
topk_only,123,decxthr,,2,,600,9,591,6,0.015,0.6,0.0293
topk_only,123,decxthr,,3,,900,10,890,5,0.0111,0.6667,0.0219
topk_only,123,decxthr,,5,,1500,12,1488,3,0.008,0.8,0.0158
cosine,123,decxthr,,,0.1,13420,15,13405,0,0.0011,1.0,0.0022
cosine,123,decxthr,,,0.15,7512,15,7497,0,0.002,1.0,0.004
cosine,123,decxthr,,,0.2,3870,15,3855,0,0.0039,1.0,0.0077
cosine,123,decxthr,,,0.25,1872,13,1859,2,0.0069,0.8667,0.0138
cosine,123,decxthr,,,0.3,832,10,822,5,0.012,0.6667,0.0236
cosine,123,decxthr,,,0.35,292,7,285,8,0.024,0.4667,0.0456
random,123,decxthr,,,,358,0.0895,357.9105,14.9105,0.0003,0.006,0.0005
two_stage,123,secxdec,0.01,1,,200,7,193,8,0.035,0.4667,0.0651
two_stage,123,secxdec,0.01,2,,400,9,391,6,0.0225,0.6,0.0434
two_stage,123,secxdec,0.01,3,,600,9,591,6,0.015,0.6,0.0293
two_stage,123,secxdec,0.01,5,,1000,12,988,3,0.012,0.8,0.0236
two_stage,123,secxdec,0.02,1,,200,7,193,8,0.035,0.4667,0.0651
two_stage,123,secxdec,0.02,2,,400,9,391,6,0.0225,0.6,0.0434
two_stage,123,secxdec,0.02,3,,600,9,591,6,0.015,0.6,0.0293
two_stage,123,secxdec,0.02,5,,1000,12,988,3,0.012,0.8,0.0236
two_stage,123,secxdec,0.03,1,,200,7,193,8,0.035,0.4667,0.0651
two_stage,123,secxdec,0.03,2,,400,9,391,6,0.0225,0.6,0.0434
two_stage,123,secxdec,0.03,3,,600,9,591,6,0.015,0.6,0.0293
two_stage,123,secxdec,0.03,5,,995,12,983,3,0.0121,0.8,0.0238
two_stage,123,secxdec,0.04,1,,177,7,170,8,0.0395,0.4667,0.0729
two_stage,123,secxdec,0.04,2,,300,9,291,6,0.03,0.6,0.0571
two_stage,123,secxdec,0.04,3,,369,9,360,6,0.0244,0.6,0.0469
two_stage,123,secxdec,0.04,5,,424,11,413,4,0.0259,0.7333,0.0501
two_stage,123,secxdec,0.05,1,,52,4,48,11,0.0769,0.2667,0.1194
two_stage,123,secxdec,0.05,2,,55,4,51,11,0.0727,0.2667,0.1143
two_stage,123,secxdec,0.05,3,,55,4,51,11,0.0727,0.2667,0.1143
two_stage,123,secxdec,0.05,5,,55,4,51,11,0.0727,0.2667,0.1143
two_stage,123,secxdec,0.06,1,,4,0,4,15,0.0,0.0,0.0
two_stage,123,secxdec,0.06,2,,4,0,4,15,0.0,0.0,0.0
two_stage,123,secxdec,0.06,3,,4,0,4,15,0.0,0.0,0.0
two_stage,123,secxdec,0.06,5,,4,0,4,15,0.0,0.0,0.0
logit_only,123,secxdec,0.01,,,16001,15,15986,0,0.0009,1.0,0.0019
logit_only,123,secxdec,0.02,,,6411,15,6396,0,0.0023,1.0,0.0047
logit_only,123,secxdec,0.03,,,1882,15,1867,0,0.008,1.0,0.0158
logit_only,123,secxdec,0.04,,,434,11,423,4,0.0253,0.7333,0.049
logit_only,123,secxdec,0.05,,,55,4,51,11,0.0727,0.2667,0.1143
logit_only,123,secxdec,0.06,,,4,0,4,15,0.0,0.0,0.0
topk_only,123,secxdec,,1,,200,7,193,8,0.035,0.4667,0.0651
topk_only,123,secxdec,,2,,400,9,391,6,0.0225,0.6,0.0434
topk_only,123,secxdec,,3,,600,9,591,6,0.015,0.6,0.0293
topk_only,123,secxdec,,5,,1000,12,988,3,0.012,0.8,0.0236
cosine,123,secxdec,,,0.1,13132,15,13117,0,0.0011,1.0,0.0023
cosine,123,secxdec,,,0.15,7310,15,7295,0,0.0021,1.0,0.0041
cosine,123,secxdec,,,0.2,3716,15,3701,0,0.004,1.0,0.008
cosine,123,secxdec,,,0.25,1628,14,1614,1,0.0086,0.9333,0.017
cosine,123,secxdec,,,0.3,645,11,634,4,0.0171,0.7333,0.0333
cosine,123,secxdec,,,0.35,216,9,207,6,0.0417,0.6,0.0779
random,123,secxdec,,,,250,0.0625,249.9375,14.9375,0.0003,0.0042,0.0005
two_stage,456,secxthr,0.01,1,,200,8,192,12,0.04,0.4,0.0727
two_stage,456,secxthr,0.01,2,,400,12,388,8,0.03,0.6,0.0571
two_stage,456,secxthr,0.01,3,,600,14,586,6,0.0233,0.7,0.0452
two_stage,456,secxthr,0.01,5,,1000,18,982,2,0.018,0.9,0.0353
two_stage,456,secxthr,0.02,1,,200,8,192,12,0.04,0.4,0.0727
two_stage,456,secxthr,0.02,2,,400,12,388,8,0.03,0.6,0.0571
two_stage,456,secxthr,0.02,3,,600,14,586,6,0.0233,0.7,0.0452
two_stage,456,secxthr,0.02,5,,1000,18,982,2,0.018,0.9,0.0353
two_stage,456,secxthr,0.03,1,,200,8,192,12,0.04,0.4,0.0727
two_stage,456,secxthr,0.03,2,,398,12,386,8,0.0302,0.6,0.0574
two_stage,456,secxthr,0.03,3,,593,14,579,6,0.0236,0.7,0.0457
two_stage,456,secxthr,0.03,5,,940,18,922,2,0.0191,0.9,0.0375
two_stage,456,secxthr,0.04,1,,165,8,157,12,0.0485,0.4,0.0865
two_stage,456,secxthr,0.04,2,,271,11,260,9,0.0406,0.55,0.0756
two_stage,456,secxthr,0.04,3,,317,11,306,9,0.0347,0.55,0.0653
two_stage,456,secxthr,0.04,5,,335,12,323,8,0.0358,0.6,0.0676
two_stage,456,secxthr,0.05,1,,39,3,36,17,0.0769,0.15,0.1017
two_stage,456,secxthr,0.05,2,,44,4,40,16,0.0909,0.2,0.125
two_stage,456,secxthr,0.05,3,,44,4,40,16,0.0909,0.2,0.125
two_stage,456,secxthr,0.05,5,,44,4,40,16,0.0909,0.2,0.125
two_stage,456,secxthr,0.06,1,,1,0,1,20,0.0,0.0,0.0
two_stage,456,secxthr,0.06,2,,1,0,1,20,0.0,0.0,0.0
two_stage,456,secxthr,0.06,3,,1,0,1,20,0.0,0.0,0.0
two_stage,456,secxthr,0.06,5,,1,0,1,20,0.0,0.0,0.0
logit_only,456,secxthr,0.01,,,10778,20,10758,0,0.0019,1.0,0.0037
logit_only,456,secxthr,0.02,,,4404,20,4384,0,0.0045,1.0,0.009
logit_only,456,secxthr,0.03,,,1383,19,1364,1,0.0137,0.95,0.0271
logit_only,456,secxthr,0.04,,,337,12,325,8,0.0356,0.6,0.0672
logit_only,456,secxthr,0.05,,,44,4,40,16,0.0909,0.2,0.125
logit_only,456,secxthr,0.06,,,1,0,1,20,0.0,0.0,0.0
topk_only,456,secxthr,,1,,200,8,192,12,0.04,0.4,0.0727
topk_only,456,secxthr,,2,,400,12,388,8,0.03,0.6,0.0571
topk_only,456,secxthr,,3,,600,14,586,6,0.0233,0.7,0.0452
topk_only,456,secxthr,,5,,1000,18,982,2,0.018,0.9,0.0353
cosine,456,secxthr,,,0.1,8823,20,8803,0,0.0023,1.0,0.0045
cosine,456,secxthr,,,0.15,4970,20,4950,0,0.004,1.0,0.008
cosine,456,secxthr,,,0.2,2543,19,2524,1,0.0075,0.95,0.0148
cosine,456,secxthr,,,0.25,1169,19,1150,1,0.0163,0.95,0.032
cosine,456,secxthr,,,0.3,502,14,488,6,0.0279,0.7,0.0536
cosine,456,secxthr,,,0.35,171,7,164,13,0.0409,0.35,0.0733
random,456,secxthr,,,,235,0.1175,234.8825,19.8825,0.0005,0.0059,0.0009
two_stage,456,decxthr,0.01,1,,300,6,294,9,0.02,0.4,0.0381
two_stage,456,decxthr,0.01,2,,600,10,590,5,0.0167,0.6667,0.0325
two_stage,456,decxthr,0.01,3,,900,12,888,3,0.0133,0.8,0.0262
two_stage,456,decxthr,0.01,5,,1500,14,1486,1,0.0093,0.9333,0.0185
two_stage,456,decxthr,0.02,1,,300,6,294,9,0.02,0.4,0.0381
two_stage,456,decxthr,0.02,2,,600,10,590,5,0.0167,0.6667,0.0325
two_stage,456,decxthr,0.02,3,,900,12,888,3,0.0133,0.8,0.0262
two_stage,456,decxthr,0.02,5,,1500,14,1486,1,0.0093,0.9333,0.0185
two_stage,456,decxthr,0.03,1,,300,6,294,9,0.02,0.4,0.0381
two_stage,456,decxthr,0.03,2,,599,10,589,5,0.0167,0.6667,0.0326
two_stage,456,decxthr,0.03,3,,897,12,885,3,0.0134,0.8,0.0263
two_stage,456,decxthr,0.03,5,,1443,14,1429,1,0.0097,0.9333,0.0192
two_stage,456,decxthr,0.04,1,,244,5,239,10,0.0205,0.3333,0.0386
two_stage,456,decxthr,0.04,2,,411,8,403,7,0.0195,0.5333,0.0376
two_stage,456,decxthr,0.04,3,,499,8,491,7,0.016,0.5333,0.0311
two_stage,456,decxthr,0.04,5,,561,8,553,7,0.0143,0.5333,0.0278
two_stage,456,decxthr,0.05,1,,60,2,58,13,0.0333,0.1333,0.0533
two_stage,456,decxthr,0.05,2,,69,2,67,13,0.029,0.1333,0.0476
two_stage,456,decxthr,0.05,3,,70,2,68,13,0.0286,0.1333,0.0471
two_stage,456,decxthr,0.05,5,,71,2,69,13,0.0282,0.1333,0.0465
two_stage,456,decxthr,0.06,1,,3,0,3,15,0.0,0.0,0.0
two_stage,456,decxthr,0.06,2,,3,0,3,15,0.0,0.0,0.0
two_stage,456,decxthr,0.06,3,,3,0,3,15,0.0,0.0,0.0
two_stage,456,decxthr,0.06,5,,3,0,3,15,0.0,0.0,0.0
logit_only,456,decxthr,0.01,,,16322,15,16307,0,0.0009,1.0,0.0018
logit_only,456,decxthr,0.02,,,6731,15,6716,0,0.0022,1.0,0.0044
logit_only,456,decxthr,0.03,,,2132,14,2118,1,0.0066,0.9333,0.013
logit_only,456,decxthr,0.04,,,572,8,564,7,0.014,0.5333,0.0273
logit_only,456,decxthr,0.05,,,71,2,69,13,0.0282,0.1333,0.0465
logit_only,456,decxthr,0.06,,,3,0,3,15,0.0,0.0,0.0
topk_only,456,decxthr,,1,,300,6,294,9,0.02,0.4,0.0381
topk_only,456,decxthr,,2,,600,10,590,5,0.0167,0.6667,0.0325
topk_only,456,decxthr,,3,,900,12,888,3,0.0133,0.8,0.0262
topk_only,456,decxthr,,5,,1500,14,1486,1,0.0093,0.9333,0.0185
cosine,456,decxthr,,,0.1,13503,15,13488,0,0.0011,1.0,0.0022
cosine,456,decxthr,,,0.15,7654,15,7639,0,0.002,1.0,0.0039
cosine,456,decxthr,,,0.2,3862,15,3847,0,0.0039,1.0,0.0077
cosine,456,decxthr,,,0.25,1842,13,1829,2,0.0071,0.8667,0.014
cosine,456,decxthr,,,0.3,832,12,820,3,0.0144,0.8,0.0283
cosine,456,decxthr,,,0.35,304,4,300,11,0.0132,0.2667,0.0251
random,456,decxthr,,,,355,0.0887,354.9112,14.9113,0.0003,0.0059,0.0005
two_stage,456,secxdec,0.01,1,,200,5,195,10,0.025,0.3333,0.0465
two_stage,456,secxdec,0.01,2,,400,8,392,7,0.02,0.5333,0.0386
two_stage,456,secxdec,0.01,3,,600,11,589,4,0.0183,0.7333,0.0358
two_stage,456,secxdec,0.01,5,,1000,14,986,1,0.014,0.9333,0.0276
two_stage,456,secxdec,0.02,1,,200,5,195,10,0.025,0.3333,0.0465
two_stage,456,secxdec,0.02,2,,400,8,392,7,0.02,0.5333,0.0386
two_stage,456,secxdec,0.02,3,,600,11,589,4,0.0183,0.7333,0.0358
two_stage,456,secxdec,0.02,5,,1000,14,986,1,0.014,0.9333,0.0276
two_stage,456,secxdec,0.03,1,,200,5,195,10,0.025,0.3333,0.0465
two_stage,456,secxdec,0.03,2,,400,8,392,7,0.02,0.5333,0.0386
two_stage,456,secxdec,0.03,3,,600,11,589,4,0.0183,0.7333,0.0358
two_stage,456,secxdec,0.03,5,,989,14,975,1,0.0142,0.9333,0.0279
two_stage,456,secxdec,0.04,1,,171,4,167,11,0.0234,0.2667,0.043
two_stage,456,secxdec,0.04,2,,295,6,289,9,0.0203,0.4,0.0387
two_stage,456,secxdec,0.04,3,,354,7,347,8,0.0198,0.4667,0.0379
two_stage,456,secxdec,0.04,5,,390,7,383,8,0.0179,0.4667,0.0346
two_stage,456,secxdec,0.05,1,,52,2,50,13,0.0385,0.1333,0.0597
two_stage,456,secxdec,0.05,2,,61,2,59,13,0.0328,0.1333,0.0526
two_stage,456,secxdec,0.05,3,,63,2,61,13,0.0317,0.1333,0.0513
two_stage,456,secxdec,0.05,5,,63,2,61,13,0.0317,0.1333,0.0513
two_stage,456,secxdec,0.06,1,,5,0,5,15,0.0,0.0,0.0
two_stage,456,secxdec,0.06,2,,5,0,5,15,0.0,0.0,0.0
two_stage,456,secxdec,0.06,3,,5,0,5,15,0.0,0.0,0.0
two_stage,456,secxdec,0.06,5,,5,0,5,15,0.0,0.0,0.0
logit_only,456,secxdec,0.01,,,16002,15,15987,0,0.0009,1.0,0.0019
logit_only,456,secxdec,0.02,,,6378,15,6363,0,0.0024,1.0,0.0047
logit_only,456,secxdec,0.03,,,1940,15,1925,0,0.0077,1.0,0.0153
logit_only,456,secxdec,0.04,,,398,7,391,8,0.0176,0.4667,0.0339
logit_only,456,secxdec,0.05,,,63,2,61,13,0.0317,0.1333,0.0513
logit_only,456,secxdec,0.06,,,5,0,5,15,0.0,0.0,0.0
topk_only,456,secxdec,,1,,200,5,195,10,0.025,0.3333,0.0465
topk_only,456,secxdec,,2,,400,8,392,7,0.02,0.5333,0.0386
topk_only,456,secxdec,,3,,600,11,589,4,0.0183,0.7333,0.0358
topk_only,456,secxdec,,5,,1000,14,986,1,0.014,0.9333,0.0276
cosine,456,secxdec,,,0.1,13078,15,13063,0,0.0011,1.0,0.0023
cosine,456,secxdec,,,0.15,7269,15,7254,0,0.0021,1.0,0.0041
cosine,456,secxdec,,,0.2,3696,15,3681,0,0.0041,1.0,0.0081
cosine,456,secxdec,,,0.25,1641,15,1626,0,0.0091,1.0,0.0181
cosine,456,secxdec,,,0.3,635,10,625,5,0.0157,0.6667,0.0308
cosine,456,secxdec,,,0.35,191,3,188,12,0.0157,0.2,0.0291
random,456,secxdec,,,,247,0.0617,246.9383,14.9383,0.0003,0.0041,0.0005
two_stage,789,secxthr,0.01,1,,200,8,192,12,0.04,0.4,0.0727
two_stage,789,secxthr,0.01,2,,400,13,387,7,0.0325,0.65,0.0619
two_stage,789,secxthr,0.01,3,,600,16,584,4,0.0267,0.8,0.0516
two_stage,789,secxthr,0.01,5,,1000,19,981,1,0.019,0.95,0.0373
two_stage,789,secxthr,0.02,1,,200,8,192,12,0.04,0.4,0.0727
two_stage,789,secxthr,0.02,2,,400,13,387,7,0.0325,0.65,0.0619
two_stage,789,secxthr,0.02,3,,600,16,584,4,0.0267,0.8,0.0516
two_stage,789,secxthr,0.02,5,,1000,19,981,1,0.019,0.95,0.0373
two_stage,789,secxthr,0.03,1,,200,8,192,12,0.04,0.4,0.0727
two_stage,789,secxthr,0.03,2,,400,13,387,7,0.0325,0.65,0.0619
two_stage,789,secxthr,0.03,3,,597,16,581,4,0.0268,0.8,0.0519
two_stage,789,secxthr,0.03,5,,956,19,937,1,0.0199,0.95,0.0389
two_stage,789,secxthr,0.04,1,,165,7,158,13,0.0424,0.35,0.0757
two_stage,789,secxthr,0.04,2,,271,11,260,9,0.0406,0.55,0.0756
two_stage,789,secxthr,0.04,3,,316,13,303,7,0.0411,0.65,0.0774
two_stage,789,secxthr,0.04,5,,334,13,321,7,0.0389,0.65,0.0734
two_stage,789,secxthr,0.05,1,,48,2,46,18,0.0417,0.1,0.0588
two_stage,789,secxthr,0.05,2,,49,2,47,18,0.0408,0.1,0.058
two_stage,789,secxthr,0.05,3,,49,2,47,18,0.0408,0.1,0.058
two_stage,789,secxthr,0.05,5,,49,2,47,18,0.0408,0.1,0.058
two_stage,789,secxthr,0.06,1,,4,0,4,20,0.0,0.0,0.0
two_stage,789,secxthr,0.06,2,,4,0,4,20,0.0,0.0,0.0
two_stage,789,secxthr,0.06,3,,4,0,4,20,0.0,0.0,0.0
two_stage,789,secxthr,0.06,5,,4,0,4,20,0.0,0.0,0.0
logit_only,789,secxthr,0.01,,,10783,20,10763,0,0.0019,1.0,0.0037
logit_only,789,secxthr,0.02,,,4398,20,4378,0,0.0045,1.0,0.0091
logit_only,789,secxthr,0.03,,,1349,19,1330,1,0.0141,0.95,0.0278
logit_only,789,secxthr,0.04,,,335,13,322,7,0.0388,0.65,0.0732
logit_only,789,secxthr,0.05,,,49,2,47,18,0.0408,0.1,0.058
logit_only,789,secxthr,0.06,,,4,0,4,20,0.0,0.0,0.0
topk_only,789,secxthr,,1,,200,8,192,12,0.04,0.4,0.0727
topk_only,789,secxthr,,2,,400,13,387,7,0.0325,0.65,0.0619
topk_only,789,secxthr,,3,,600,16,584,4,0.0267,0.8,0.0516
topk_only,789,secxthr,,5,,1000,19,981,1,0.019,0.95,0.0373
cosine,789,secxthr,,,0.1,8852,20,8832,0,0.0023,1.0,0.0045
cosine,789,secxthr,,,0.15,4999,20,4979,0,0.004,1.0,0.008
cosine,789,secxthr,,,0.2,2471,19,2452,1,0.0077,0.95,0.0153
cosine,789,secxthr,,,0.25,1165,19,1146,1,0.0163,0.95,0.0321
cosine,789,secxthr,,,0.3,492,15,477,5,0.0305,0.75,0.0586
cosine,789,secxthr,,,0.35,181,7,174,13,0.0387,0.35,0.0697
random,789,secxthr,,,,235,0.1175,234.8825,19.8825,0.0005,0.0059,0.0009
two_stage,789,decxthr,0.01,1,,300,7,293,8,0.0233,0.4667,0.0444
two_stage,789,decxthr,0.01,2,,600,10,590,5,0.0167,0.6667,0.0325
two_stage,789,decxthr,0.01,3,,900,12,888,3,0.0133,0.8,0.0262
two_stage,789,decxthr,0.01,5,,1500,14,1486,1,0.0093,0.9333,0.0185
two_stage,789,decxthr,0.02,1,,300,7,293,8,0.0233,0.4667,0.0444
two_stage,789,decxthr,0.02,2,,600,10,590,5,0.0167,0.6667,0.0325
two_stage,789,decxthr,0.02,3,,900,12,888,3,0.0133,0.8,0.0262
two_stage,789,decxthr,0.02,5,,1500,14,1486,1,0.0093,0.9333,0.0185
two_stage,789,decxthr,0.03,1,,300,7,293,8,0.0233,0.4667,0.0444
two_stage,789,decxthr,0.03,2,,600,10,590,5,0.0167,0.6667,0.0325
two_stage,789,decxthr,0.03,3,,898,12,886,3,0.0134,0.8,0.0263
two_stage,789,decxthr,0.03,5,,1443,14,1429,1,0.0097,0.9333,0.0192
two_stage,789,decxthr,0.04,1,,256,7,249,8,0.0273,0.4667,0.0517
two_stage,789,decxthr,0.04,2,,426,9,417,6,0.0211,0.6,0.0408
two_stage,789,decxthr,0.04,3,,530,9,521,6,0.017,0.6,0.033
two_stage,789,decxthr,0.04,5,,586,10,576,5,0.0171,0.6667,0.0333
two_stage,789,decxthr,0.05,1,,64,4,60,11,0.0625,0.2667,0.1013
two_stage,789,decxthr,0.05,2,,71,4,67,11,0.0563,0.2667,0.093
two_stage,789,decxthr,0.05,3,,74,4,70,11,0.0541,0.2667,0.0899
two_stage,789,decxthr,0.05,5,,74,4,70,11,0.0541,0.2667,0.0899
two_stage,789,decxthr,0.06,1,,3,0,3,15,0.0,0.0,0.0
two_stage,789,decxthr,0.06,2,,3,0,3,15,0.0,0.0,0.0
two_stage,789,decxthr,0.06,3,,3,0,3,15,0.0,0.0,0.0
two_stage,789,decxthr,0.06,5,,3,0,3,15,0.0,0.0,0.0
logit_only,789,decxthr,0.01,,,16265,15,16250,0,0.0009,1.0,0.0018
logit_only,789,decxthr,0.02,,,6663,15,6648,0,0.0023,1.0,0.0045
logit_only,789,decxthr,0.03,,,2153,15,2138,0,0.007,1.0,0.0138
logit_only,789,decxthr,0.04,,,592,10,582,5,0.0169,0.6667,0.0329
logit_only,789,decxthr,0.05,,,74,4,70,11,0.0541,0.2667,0.0899
logit_only,789,decxthr,0.06,,,3,0,3,15,0.0,0.0,0.0
topk_only,789,decxthr,,1,,300,7,293,8,0.0233,0.4667,0.0444
topk_only,789,decxthr,,2,,600,10,590,5,0.0167,0.6667,0.0325
topk_only,789,decxthr,,3,,900,12,888,3,0.0133,0.8,0.0262
topk_only,789,decxthr,,5,,1500,14,1486,1,0.0093,0.9333,0.0185
cosine,789,decxthr,,,0.1,13400,15,13385,0,0.0011,1.0,0.0022
cosine,789,decxthr,,,0.15,7600,15,7585,0,0.002,1.0,0.0039
cosine,789,decxthr,,,0.2,3810,15,3795,0,0.0039,1.0,0.0078
cosine,789,decxthr,,,0.25,1845,15,1830,0,0.0081,1.0,0.0161
cosine,789,decxthr,,,0.3,842,12,830,3,0.0143,0.8,0.028
cosine,789,decxthr,,,0.35,314,8,306,7,0.0255,0.5333,0.0486
random,789,decxthr,,,,363,0.0907,362.9092,14.9093,0.0003,0.006,0.0005
two_stage,789,secxdec,0.01,1,,200,6,194,9,0.03,0.4,0.0558
two_stage,789,secxdec,0.01,2,,400,7,393,8,0.0175,0.4667,0.0337
two_stage,789,secxdec,0.01,3,,600,8,592,7,0.0133,0.5333,0.026
two_stage,789,secxdec,0.01,5,,1000,12,988,3,0.012,0.8,0.0236
two_stage,789,secxdec,0.02,1,,200,6,194,9,0.03,0.4,0.0558
two_stage,789,secxdec,0.02,2,,400,7,393,8,0.0175,0.4667,0.0337
two_stage,789,secxdec,0.02,3,,600,8,592,7,0.0133,0.5333,0.026
two_stage,789,secxdec,0.02,5,,1000,12,988,3,0.012,0.8,0.0236
two_stage,789,secxdec,0.03,1,,200,6,194,9,0.03,0.4,0.0558
two_stage,789,secxdec,0.03,2,,400,7,393,8,0.0175,0.4667,0.0337
two_stage,789,secxdec,0.03,3,,600,8,592,7,0.0133,0.5333,0.026
two_stage,789,secxdec,0.03,5,,997,12,985,3,0.012,0.8,0.0237
two_stage,789,secxdec,0.04,1,,173,6,167,9,0.0347,0.4,0.0638
two_stage,789,secxdec,0.04,2,,302,7,295,8,0.0232,0.4667,0.0442
two_stage,789,secxdec,0.04,3,,376,8,368,7,0.0213,0.5333,0.0409
two_stage,789,secxdec,0.04,5,,423,8,415,7,0.0189,0.5333,0.0365
two_stage,789,secxdec,0.05,1,,54,5,49,10,0.0926,0.3333,0.1449
two_stage,789,secxdec,0.05,2,,61,5,56,10,0.082,0.3333,0.1316
two_stage,789,secxdec,0.05,3,,61,5,56,10,0.082,0.3333,0.1316
two_stage,789,secxdec,0.05,5,,61,5,56,10,0.082,0.3333,0.1316
two_stage,789,secxdec,0.06,1,,2,0,2,15,0.0,0.0,0.0
two_stage,789,secxdec,0.06,2,,2,0,2,15,0.0,0.0,0.0
two_stage,789,secxdec,0.06,3,,2,0,2,15,0.0,0.0,0.0
two_stage,789,secxdec,0.06,5,,2,0,2,15,0.0,0.0,0.0
logit_only,789,secxdec,0.01,,,16066,15,16051,0,0.0009,1.0,0.0019
logit_only,789,secxdec,0.02,,,6500,15,6485,0,0.0023,1.0,0.0046
logit_only,789,secxdec,0.03,,,1941,13,1928,2,0.0067,0.8667,0.0133
logit_only,789,secxdec,0.04,,,426,8,418,7,0.0188,0.5333,0.0363
logit_only,789,secxdec,0.05,,,61,5,56,10,0.082,0.3333,0.1316
logit_only,789,secxdec,0.06,,,2,0,2,15,0.0,0.0,0.0
topk_only,789,secxdec,,1,,200,6,194,9,0.03,0.4,0.0558
topk_only,789,secxdec,,2,,400,7,393,8,0.0175,0.4667,0.0337
topk_only,789,secxdec,,3,,600,8,592,7,0.0133,0.5333,0.026
topk_only,789,secxdec,,5,,1000,12,988,3,0.012,0.8,0.0236
cosine,789,secxdec,,,0.1,13164,15,13149,0,0.0011,1.0,0.0023
cosine,789,secxdec,,,0.15,7423,15,7408,0,0.002,1.0,0.004
cosine,789,secxdec,,,0.2,3660,15,3645,0,0.0041,1.0,0.0082
cosine,789,secxdec,,,0.25,1635,13,1622,2,0.008,0.8667,0.0158
cosine,789,secxdec,,,0.3,648,11,637,4,0.017,0.7333,0.0332
cosine,789,secxdec,,,0.35,225,7,218,8,0.0311,0.4667,0.0583
random,789,secxdec,,,,251,0.0628,250.9373,14.9373,0.0003,0.0042,0.0005
two_stage,1024,secxthr,0.01,1,,200,3,197,17,0.015,0.15,0.0273
two_stage,1024,secxthr,0.01,2,,400,7,393,13,0.0175,0.35,0.0333
two_stage,1024,secxthr,0.01,3,,600,13,587,7,0.0217,0.65,0.0419
two_stage,1024,secxthr,0.01,5,,1000,19,981,1,0.019,0.95,0.0373
two_stage,1024,secxthr,0.02,1,,200,3,197,17,0.015,0.15,0.0273
two_stage,1024,secxthr,0.02,2,,400,7,393,13,0.0175,0.35,0.0333
two_stage,1024,secxthr,0.02,3,,600,13,587,7,0.0217,0.65,0.0419
two_stage,1024,secxthr,0.02,5,,1000,19,981,1,0.019,0.95,0.0373
two_stage,1024,secxthr,0.03,1,,200,3,197,17,0.015,0.15,0.0273
two_stage,1024,secxthr,0.03,2,,400,7,393,13,0.0175,0.35,0.0333
two_stage,1024,secxthr,0.03,3,,597,13,584,7,0.0218,0.65,0.0421
two_stage,1024,secxthr,0.03,5,,954,19,935,1,0.0199,0.95,0.039
two_stage,1024,secxthr,0.04,1,,166,3,163,17,0.0181,0.15,0.0323
two_stage,1024,secxthr,0.04,2,,272,4,268,16,0.0147,0.2,0.0274
two_stage,1024,secxthr,0.04,3,,328,5,323,15,0.0152,0.25,0.0287
two_stage,1024,secxthr,0.04,5,,361,6,355,14,0.0166,0.3,0.0315
two_stage,1024,secxthr,0.05,1,,44,2,42,18,0.0455,0.1,0.0625
two_stage,1024,secxthr,0.05,2,,50,2,48,18,0.04,0.1,0.0571
two_stage,1024,secxthr,0.05,3,,51,2,49,18,0.0392,0.1,0.0563
two_stage,1024,secxthr,0.05,5,,51,2,49,18,0.0392,0.1,0.0563
two_stage,1024,secxthr,0.06,1,,1,0,1,20,0.0,0.0,0.0
two_stage,1024,secxthr,0.06,2,,1,0,1,20,0.0,0.0,0.0
two_stage,1024,secxthr,0.06,3,,1,0,1,20,0.0,0.0,0.0
two_stage,1024,secxthr,0.06,5,,1,0,1,20,0.0,0.0,0.0
logit_only,1024,secxthr,0.01,,,10670,20,10650,0,0.0019,1.0,0.0037
logit_only,1024,secxthr,0.02,,,4221,20,4201,0,0.0047,1.0,0.0094
logit_only,1024,secxthr,0.03,,,1349,19,1330,1,0.0141,0.95,0.0278
logit_only,1024,secxthr,0.04,,,363,6,357,14,0.0165,0.3,0.0313
logit_only,1024,secxthr,0.05,,,51,2,49,18,0.0392,0.1,0.0563
logit_only,1024,secxthr,0.06,,,1,0,1,20,0.0,0.0,0.0
topk_only,1024,secxthr,,1,,200,3,197,17,0.015,0.15,0.0273
topk_only,1024,secxthr,,2,,400,7,393,13,0.0175,0.35,0.0333
topk_only,1024,secxthr,,3,,600,13,587,7,0.0217,0.65,0.0419
topk_only,1024,secxthr,,5,,1000,19,981,1,0.019,0.95,0.0373
cosine,1024,secxthr,,,0.1,8735,20,8715,0,0.0023,1.0,0.0046
cosine,1024,secxthr,,,0.15,4857,20,4837,0,0.0041,1.0,0.0082
cosine,1024,secxthr,,,0.2,2442,20,2422,0,0.0082,1.0,0.0162
cosine,1024,secxthr,,,0.25,1168,19,1149,1,0.0163,0.95,0.032
cosine,1024,secxthr,,,0.3,538,11,527,9,0.0204,0.55,0.0394
cosine,1024,secxthr,,,0.35,206,6,200,14,0.0291,0.3,0.0531
random,1024,secxthr,,,,236,0.118,235.882,19.882,0.0005,0.0059,0.0009
two_stage,1024,decxthr,0.01,1,,300,5,295,10,0.0167,0.3333,0.0317
two_stage,1024,decxthr,0.01,2,,600,9,591,6,0.015,0.6,0.0293
two_stage,1024,decxthr,0.01,3,,900,10,890,5,0.0111,0.6667,0.0219
two_stage,1024,decxthr,0.01,5,,1500,15,1485,0,0.01,1.0,0.0198
two_stage,1024,decxthr,0.02,1,,300,5,295,10,0.0167,0.3333,0.0317
two_stage,1024,decxthr,0.02,2,,600,9,591,6,0.015,0.6,0.0293
two_stage,1024,decxthr,0.02,3,,900,10,890,5,0.0111,0.6667,0.0219
two_stage,1024,decxthr,0.02,5,,1500,15,1485,0,0.01,1.0,0.0198
two_stage,1024,decxthr,0.03,1,,300,5,295,10,0.0167,0.3333,0.0317
two_stage,1024,decxthr,0.03,2,,600,9,591,6,0.015,0.6,0.0293
two_stage,1024,decxthr,0.03,3,,894,10,884,5,0.0112,0.6667,0.022
two_stage,1024,decxthr,0.03,5,,1429,15,1414,0,0.0105,1.0,0.0208
two_stage,1024,decxthr,0.04,1,,257,5,252,10,0.0195,0.3333,0.0368
two_stage,1024,decxthr,0.04,2,,426,9,417,6,0.0211,0.6,0.0408
two_stage,1024,decxthr,0.04,3,,516,9,507,6,0.0174,0.6,0.0339
two_stage,1024,decxthr,0.04,5,,580,10,570,5,0.0172,0.6667,0.0336
two_stage,1024,decxthr,0.05,1,,67,2,65,13,0.0299,0.1333,0.0488
two_stage,1024,decxthr,0.05,2,,86,3,83,12,0.0349,0.2,0.0594
two_stage,1024,decxthr,0.05,3,,94,3,91,12,0.0319,0.2,0.055
two_stage,1024,decxthr,0.05,5,,98,3,95,12,0.0306,0.2,0.0531
two_stage,1024,decxthr,0.06,1,,5,1,4,14,0.2,0.0667,0.1
two_stage,1024,decxthr,0.06,2,,7,1,6,14,0.1429,0.0667,0.0909
two_stage,1024,decxthr,0.06,3,,8,1,7,14,0.125,0.0667,0.087
two_stage,1024,decxthr,0.06,5,,9,1,8,14,0.1111,0.0667,0.0833
logit_only,1024,decxthr,0.01,,,16301,15,16286,0,0.0009,1.0,0.0018
logit_only,1024,decxthr,0.02,,,6572,15,6557,0,0.0023,1.0,0.0046
logit_only,1024,decxthr,0.03,,,2134,15,2119,0,0.007,1.0,0.014
logit_only,1024,decxthr,0.04,,,598,10,588,5,0.0167,0.6667,0.0326
logit_only,1024,decxthr,0.05,,,98,3,95,12,0.0306,0.2,0.0531
logit_only,1024,decxthr,0.06,,,9,1,8,14,0.1111,0.0667,0.0833
topk_only,1024,decxthr,,1,,300,5,295,10,0.0167,0.3333,0.0317
topk_only,1024,decxthr,,2,,600,9,591,6,0.015,0.6,0.0293
topk_only,1024,decxthr,,3,,900,10,890,5,0.0111,0.6667,0.0219
topk_only,1024,decxthr,,5,,1500,15,1485,0,0.01,1.0,0.0198
cosine,1024,decxthr,,,0.1,13408,15,13393,0,0.0011,1.0,0.0022
cosine,1024,decxthr,,,0.15,7489,15,7474,0,0.002,1.0,0.004
cosine,1024,decxthr,,,0.2,3800,15,3785,0,0.0039,1.0,0.0079
cosine,1024,decxthr,,,0.25,1868,15,1853,0,0.008,1.0,0.0159
cosine,1024,decxthr,,,0.3,854,12,842,3,0.0141,0.8,0.0276
cosine,1024,decxthr,,,0.35,317,8,309,7,0.0252,0.5333,0.0482
random,1024,decxthr,,,,363,0.0907,362.9092,14.9093,0.0003,0.006,0.0005
two_stage,1024,secxdec,0.01,1,,200,4,196,11,0.02,0.2667,0.0372
two_stage,1024,secxdec,0.01,2,,400,6,394,9,0.015,0.4,0.0289
two_stage,1024,secxdec,0.01,3,,600,9,591,6,0.015,0.6,0.0293
two_stage,1024,secxdec,0.01,5,,1000,13,987,2,0.013,0.8667,0.0256
two_stage,1024,secxdec,0.02,1,,200,4,196,11,0.02,0.2667,0.0372
two_stage,1024,secxdec,0.02,2,,400,6,394,9,0.015,0.4,0.0289
two_stage,1024,secxdec,0.02,3,,600,9,591,6,0.015,0.6,0.0293
two_stage,1024,secxdec,0.02,5,,1000,13,987,2,0.013,0.8667,0.0256
two_stage,1024,secxdec,0.03,1,,200,4,196,11,0.02,0.2667,0.0372
two_stage,1024,secxdec,0.03,2,,400,6,394,9,0.015,0.4,0.0289
two_stage,1024,secxdec,0.03,3,,600,9,591,6,0.015,0.6,0.0293
two_stage,1024,secxdec,0.03,5,,998,13,985,2,0.013,0.8667,0.0257
two_stage,1024,secxdec,0.04,1,,179,4,175,11,0.0223,0.2667,0.0412
two_stage,1024,secxdec,0.04,2,,299,6,293,9,0.0201,0.4,0.0382
two_stage,1024,secxdec,0.04,3,,361,7,354,8,0.0194,0.4667,0.0372
two_stage,1024,secxdec,0.04,5,,403,8,395,7,0.0199,0.5333,0.0383
two_stage,1024,secxdec,0.05,1,,42,0,42,15,0.0,0.0,0.0
two_stage,1024,secxdec,0.05,2,,44,0,44,15,0.0,0.0,0.0
two_stage,1024,secxdec,0.05,3,,45,0,45,15,0.0,0.0,0.0
two_stage,1024,secxdec,0.05,5,,46,0,46,15,0.0,0.0,0.0
two_stage,1024,secxdec,0.06,1,,1,0,1,15,0.0,0.0,0.0
two_stage,1024,secxdec,0.06,2,,1,0,1,15,0.0,0.0,0.0
two_stage,1024,secxdec,0.06,3,,1,0,1,15,0.0,0.0,0.0
two_stage,1024,secxdec,0.06,5,,1,0,1,15,0.0,0.0,0.0
logit_only,1024,secxdec,0.01,,,15934,15,15919,0,0.0009,1.0,0.0019
logit_only,1024,secxdec,0.02,,,6362,15,6347,0,0.0024,1.0,0.0047
logit_only,1024,secxdec,0.03,,,1939,15,1924,0,0.0077,1.0,0.0154
logit_only,1024,secxdec,0.04,,,409,8,401,7,0.0196,0.5333,0.0377
logit_only,1024,secxdec,0.05,,,46,0,46,15,0.0,0.0,0.0
logit_only,1024,secxdec,0.06,,,1,0,1,15,0.0,0.0,0.0
topk_only,1024,secxdec,,1,,200,4,196,11,0.02,0.2667,0.0372
topk_only,1024,secxdec,,2,,400,6,394,9,0.015,0.4,0.0289
topk_only,1024,secxdec,,3,,600,9,591,6,0.015,0.6,0.0293
topk_only,1024,secxdec,,5,,1000,13,987,2,0.013,0.8667,0.0256
cosine,1024,secxdec,,,0.1,12988,15,12973,0,0.0012,1.0,0.0023
cosine,1024,secxdec,,,0.15,7255,15,7240,0,0.0021,1.0,0.0041
cosine,1024,secxdec,,,0.2,3572,15,3557,0,0.0042,1.0,0.0084
cosine,1024,secxdec,,,0.25,1638,15,1623,0,0.0092,1.0,0.0181
cosine,1024,secxdec,,,0.3,631,10,621,5,0.0158,0.6667,0.031
cosine,1024,secxdec,,,0.35,221,7,214,8,0.0317,0.4667,0.0593
random,1024,secxdec,,,,249,0.0622,248.9377,14.9377,0.0003,0.0042,0.0005
two_stage,2048,secxthr,0.01,1,,200,7,193,13,0.035,0.35,0.0636
two_stage,2048,secxthr,0.01,2,,400,11,389,9,0.0275,0.55,0.0524
two_stage,2048,secxthr,0.01,3,,600,14,586,6,0.0233,0.7,0.0452
two_stage,2048,secxthr,0.01,5,,1000,18,982,2,0.018,0.9,0.0353
two_stage,2048,secxthr,0.02,1,,200,7,193,13,0.035,0.35,0.0636
two_stage,2048,secxthr,0.02,2,,400,11,389,9,0.0275,0.55,0.0524
two_stage,2048,secxthr,0.02,3,,600,14,586,6,0.0233,0.7,0.0452
two_stage,2048,secxthr,0.02,5,,1000,18,982,2,0.018,0.9,0.0353
two_stage,2048,secxthr,0.03,1,,200,7,193,13,0.035,0.35,0.0636
two_stage,2048,secxthr,0.03,2,,400,11,389,9,0.0275,0.55,0.0524
two_stage,2048,secxthr,0.03,3,,599,14,585,6,0.0234,0.7,0.0452
two_stage,2048,secxthr,0.03,5,,961,17,944,3,0.0177,0.85,0.0347
two_stage,2048,secxthr,0.04,1,,166,7,159,13,0.0422,0.35,0.0753
two_stage,2048,secxthr,0.04,2,,273,10,263,10,0.0366,0.5,0.0683
two_stage,2048,secxthr,0.04,3,,329,11,318,9,0.0334,0.55,0.063
two_stage,2048,secxthr,0.04,5,,357,11,346,9,0.0308,0.55,0.0584
two_stage,2048,secxthr,0.05,1,,48,1,47,19,0.0208,0.05,0.0294
two_stage,2048,secxthr,0.05,2,,52,2,50,18,0.0385,0.1,0.0556
two_stage,2048,secxthr,0.05,3,,52,2,50,18,0.0385,0.1,0.0556
two_stage,2048,secxthr,0.05,5,,52,2,50,18,0.0385,0.1,0.0556
two_stage,2048,secxthr,0.06,1,,4,0,4,20,0.0,0.0,0.0
two_stage,2048,secxthr,0.06,2,,4,0,4,20,0.0,0.0,0.0
two_stage,2048,secxthr,0.06,3,,4,0,4,20,0.0,0.0,0.0
two_stage,2048,secxthr,0.06,5,,4,0,4,20,0.0,0.0,0.0
logit_only,2048,secxthr,0.01,,,10722,20,10702,0,0.0019,1.0,0.0037
logit_only,2048,secxthr,0.02,,,4314,20,4294,0,0.0046,1.0,0.0092
logit_only,2048,secxthr,0.03,,,1369,17,1352,3,0.0124,0.85,0.0245
logit_only,2048,secxthr,0.04,,,358,11,347,9,0.0307,0.55,0.0582
logit_only,2048,secxthr,0.05,,,52,2,50,18,0.0385,0.1,0.0556
logit_only,2048,secxthr,0.06,,,4,0,4,20,0.0,0.0,0.0
topk_only,2048,secxthr,,1,,200,7,193,13,0.035,0.35,0.0636
topk_only,2048,secxthr,,2,,400,11,389,9,0.0275,0.55,0.0524
topk_only,2048,secxthr,,3,,600,14,586,6,0.0233,0.7,0.0452
topk_only,2048,secxthr,,5,,1000,18,982,2,0.018,0.9,0.0353
cosine,2048,secxthr,,,0.1,8837,20,8817,0,0.0023,1.0,0.0045
cosine,2048,secxthr,,,0.15,4946,20,4926,0,0.004,1.0,0.0081
cosine,2048,secxthr,,,0.2,2498,20,2478,0,0.008,1.0,0.0159
cosine,2048,secxthr,,,0.25,1148,17,1131,3,0.0148,0.85,0.0291
cosine,2048,secxthr,,,0.3,515,13,502,7,0.0252,0.65,0.0486
cosine,2048,secxthr,,,0.35,187,9,178,11,0.0481,0.45,0.087
random,2048,secxthr,,,,236,0.118,235.882,19.882,0.0005,0.0059,0.0009
two_stage,2048,decxthr,0.01,1,,300,4,296,11,0.0133,0.2667,0.0254
two_stage,2048,decxthr,0.01,2,,600,10,590,5,0.0167,0.6667,0.0325
two_stage,2048,decxthr,0.01,3,,900,11,889,4,0.0122,0.7333,0.024
two_stage,2048,decxthr,0.01,5,,1500,12,1488,3,0.008,0.8,0.0158
two_stage,2048,decxthr,0.02,1,,300,4,296,11,0.0133,0.2667,0.0254
two_stage,2048,decxthr,0.02,2,,600,10,590,5,0.0167,0.6667,0.0325
two_stage,2048,decxthr,0.02,3,,900,11,889,4,0.0122,0.7333,0.024
two_stage,2048,decxthr,0.02,5,,1500,12,1488,3,0.008,0.8,0.0158
two_stage,2048,decxthr,0.03,1,,300,4,296,11,0.0133,0.2667,0.0254
two_stage,2048,decxthr,0.03,2,,599,10,589,5,0.0167,0.6667,0.0326
two_stage,2048,decxthr,0.03,3,,891,11,880,4,0.0123,0.7333,0.0243
two_stage,2048,decxthr,0.03,5,,1426,12,1414,3,0.0084,0.8,0.0167
two_stage,2048,decxthr,0.04,1,,250,4,246,11,0.016,0.2667,0.0302
two_stage,2048,decxthr,0.04,2,,396,10,386,5,0.0253,0.6667,0.0487
two_stage,2048,decxthr,0.04,3,,488,11,477,4,0.0225,0.7333,0.0437
two_stage,2048,decxthr,0.04,5,,558,11,547,4,0.0197,0.7333,0.0384
two_stage,2048,decxthr,0.05,1,,66,2,64,13,0.0303,0.1333,0.0494
two_stage,2048,decxthr,0.05,2,,84,3,81,12,0.0357,0.2,0.0606
two_stage,2048,decxthr,0.05,3,,90,3,87,12,0.0333,0.2,0.0571
two_stage,2048,decxthr,0.05,5,,93,3,90,12,0.0323,0.2,0.0556
two_stage,2048,decxthr,0.06,1,,3,0,3,15,0.0,0.0,0.0
two_stage,2048,decxthr,0.06,2,,3,0,3,15,0.0,0.0,0.0
two_stage,2048,decxthr,0.06,3,,3,0,3,15,0.0,0.0,0.0
two_stage,2048,decxthr,0.06,5,,3,0,3,15,0.0,0.0,0.0
logit_only,2048,decxthr,0.01,,,16369,15,16354,0,0.0009,1.0,0.0018
logit_only,2048,decxthr,0.02,,,6616,15,6601,0,0.0023,1.0,0.0045
logit_only,2048,decxthr,0.03,,,2177,15,2162,0,0.0069,1.0,0.0137
logit_only,2048,decxthr,0.04,,,575,11,564,4,0.0191,0.7333,0.0373
logit_only,2048,decxthr,0.05,,,93,3,90,12,0.0323,0.2,0.0556
logit_only,2048,decxthr,0.06,,,3,0,3,15,0.0,0.0,0.0
topk_only,2048,decxthr,,1,,300,4,296,11,0.0133,0.2667,0.0254
topk_only,2048,decxthr,,2,,600,10,590,5,0.0167,0.6667,0.0325
topk_only,2048,decxthr,,3,,900,11,889,4,0.0122,0.7333,0.024
topk_only,2048,decxthr,,5,,1500,12,1488,3,0.008,0.8,0.0158
cosine,2048,decxthr,,,0.1,13485,15,13470,0,0.0011,1.0,0.0022
cosine,2048,decxthr,,,0.15,7564,15,7549,0,0.002,1.0,0.004
cosine,2048,decxthr,,,0.2,3856,15,3841,0,0.0039,1.0,0.0077
cosine,2048,decxthr,,,0.25,1883,15,1868,0,0.008,1.0,0.0158
cosine,2048,decxthr,,,0.3,856,12,844,3,0.014,0.8,0.0276
cosine,2048,decxthr,,,0.35,314,10,304,5,0.0318,0.6667,0.0608
random,2048,decxthr,,,,348,0.087,347.913,14.913,0.0003,0.0058,0.0005
two_stage,2048,secxdec,0.01,1,,200,5,195,10,0.025,0.3333,0.0465
two_stage,2048,secxdec,0.01,2,,400,9,391,6,0.0225,0.6,0.0434
two_stage,2048,secxdec,0.01,3,,600,11,589,4,0.0183,0.7333,0.0358
two_stage,2048,secxdec,0.01,5,,1000,13,987,2,0.013,0.8667,0.0256
two_stage,2048,secxdec,0.02,1,,200,5,195,10,0.025,0.3333,0.0465
two_stage,2048,secxdec,0.02,2,,400,9,391,6,0.0225,0.6,0.0434
two_stage,2048,secxdec,0.02,3,,600,11,589,4,0.0183,0.7333,0.0358
two_stage,2048,secxdec,0.02,5,,1000,13,987,2,0.013,0.8667,0.0256
two_stage,2048,secxdec,0.03,1,,200,5,195,10,0.025,0.3333,0.0465
two_stage,2048,secxdec,0.03,2,,400,9,391,6,0.0225,0.6,0.0434
two_stage,2048,secxdec,0.03,3,,600,11,589,4,0.0183,0.7333,0.0358
two_stage,2048,secxdec,0.03,5,,988,13,975,2,0.0132,0.8667,0.0259
two_stage,2048,secxdec,0.04,1,,174,5,169,10,0.0287,0.3333,0.0529
two_stage,2048,secxdec,0.04,2,,297,9,288,6,0.0303,0.6,0.0577
two_stage,2048,secxdec,0.04,3,,375,10,365,5,0.0267,0.6667,0.0513
two_stage,2048,secxdec,0.04,5,,424,10,414,5,0.0236,0.6667,0.0456
two_stage,2048,secxdec,0.05,1,,52,2,50,13,0.0385,0.1333,0.0597
two_stage,2048,secxdec,0.05,2,,67,6,61,9,0.0896,0.4,0.1463
two_stage,2048,secxdec,0.05,3,,69,6,63,9,0.087,0.4,0.1429
two_stage,2048,secxdec,0.05,5,,69,6,63,9,0.087,0.4,0.1429
two_stage,2048,secxdec,0.06,1,,5,0,5,15,0.0,0.0,0.0
two_stage,2048,secxdec,0.06,2,,5,0,5,15,0.0,0.0,0.0
two_stage,2048,secxdec,0.06,3,,5,0,5,15,0.0,0.0,0.0
two_stage,2048,secxdec,0.06,5,,5,0,5,15,0.0,0.0,0.0
logit_only,2048,secxdec,0.01,,,16006,15,15991,0,0.0009,1.0,0.0019
logit_only,2048,secxdec,0.02,,,6392,15,6377,0,0.0023,1.0,0.0047
logit_only,2048,secxdec,0.03,,,1915,13,1902,2,0.0068,0.8667,0.0135
logit_only,2048,secxdec,0.04,,,427,10,417,5,0.0234,0.6667,0.0452
logit_only,2048,secxdec,0.05,,,69,6,63,9,0.087,0.4,0.1429
logit_only,2048,secxdec,0.06,,,5,0,5,15,0.0,0.0,0.0
topk_only,2048,secxdec,,1,,200,5,195,10,0.025,0.3333,0.0465
topk_only,2048,secxdec,,2,,400,9,391,6,0.0225,0.6,0.0434
topk_only,2048,secxdec,,3,,600,11,589,4,0.0183,0.7333,0.0358
topk_only,2048,secxdec,,5,,1000,13,987,2,0.013,0.8667,0.0256
cosine,2048,secxdec,,,0.1,13080,15,13065,0,0.0011,1.0,0.0023
cosine,2048,secxdec,,,0.15,7274,15,7259,0,0.0021,1.0,0.0041
cosine,2048,secxdec,,,0.2,3651,15,3636,0,0.0041,1.0,0.0082
cosine,2048,secxdec,,,0.25,1608,13,1595,2,0.0081,0.8667,0.016
cosine,2048,secxdec,,,0.3,662,11,651,4,0.0166,0.7333,0.0325
cosine,2048,secxdec,,,0.35,228,8,220,7,0.0351,0.5333,0.0658
random,2048,secxdec,,,,248,0.062,247.938,14.938,0.0003,0.0041,0.0005
two_stage,3072,secxthr,0.01,1,,200,7,193,13,0.035,0.35,0.0636
two_stage,3072,secxthr,0.01,2,,400,12,388,8,0.03,0.6,0.0571
two_stage,3072,secxthr,0.01,3,,600,13,587,7,0.0217,0.65,0.0419
two_stage,3072,secxthr,0.01,5,,1000,17,983,3,0.017,0.85,0.0333
two_stage,3072,secxthr,0.02,1,,200,7,193,13,0.035,0.35,0.0636
two_stage,3072,secxthr,0.02,2,,400,12,388,8,0.03,0.6,0.0571
two_stage,3072,secxthr,0.02,3,,600,13,587,7,0.0217,0.65,0.0419
two_stage,3072,secxthr,0.02,5,,1000,17,983,3,0.017,0.85,0.0333
two_stage,3072,secxthr,0.03,1,,199,7,192,13,0.0352,0.35,0.0639
two_stage,3072,secxthr,0.03,2,,398,12,386,8,0.0302,0.6,0.0574
two_stage,3072,secxthr,0.03,3,,594,13,581,7,0.0219,0.65,0.0423
two_stage,3072,secxthr,0.03,5,,950,17,933,3,0.0179,0.85,0.0351
two_stage,3072,secxthr,0.04,1,,163,7,156,13,0.0429,0.35,0.0765
two_stage,3072,secxthr,0.04,2,,267,11,256,9,0.0412,0.55,0.0767
two_stage,3072,secxthr,0.04,3,,330,12,318,8,0.0364,0.6,0.0686
two_stage,3072,secxthr,0.04,5,,362,12,350,8,0.0331,0.6,0.0628
two_stage,3072,secxthr,0.05,1,,40,2,38,18,0.05,0.1,0.0667
two_stage,3072,secxthr,0.05,2,,44,3,41,17,0.0682,0.15,0.0937
two_stage,3072,secxthr,0.05,3,,45,3,42,17,0.0667,0.15,0.0923
two_stage,3072,secxthr,0.05,5,,45,3,42,17,0.0667,0.15,0.0923
two_stage,3072,secxthr,0.06,1,,3,1,2,19,0.3333,0.05,0.087
two_stage,3072,secxthr,0.06,2,,3,1,2,19,0.3333,0.05,0.087
two_stage,3072,secxthr,0.06,3,,3,1,2,19,0.3333,0.05,0.087
two_stage,3072,secxthr,0.06,5,,3,1,2,19,0.3333,0.05,0.087
logit_only,3072,secxthr,0.01,,,10818,20,10798,0,0.0018,1.0,0.0037
logit_only,3072,secxthr,0.02,,,4432,20,4412,0,0.0045,1.0,0.009
logit_only,3072,secxthr,0.03,,,1463,19,1444,1,0.013,0.95,0.0256
logit_only,3072,secxthr,0.04,,,363,12,351,8,0.0331,0.6,0.0627
logit_only,3072,secxthr,0.05,,,45,3,42,17,0.0667,0.15,0.0923
logit_only,3072,secxthr,0.06,,,3,1,2,19,0.3333,0.05,0.087
topk_only,3072,secxthr,,1,,200,7,193,13,0.035,0.35,0.0636
topk_only,3072,secxthr,,2,,400,12,388,8,0.03,0.6,0.0571
topk_only,3072,secxthr,,3,,600,13,587,7,0.0217,0.65,0.0419
topk_only,3072,secxthr,,5,,1000,17,983,3,0.017,0.85,0.0333
cosine,3072,secxthr,,,0.1,8950,20,8930,0,0.0022,1.0,0.0045
cosine,3072,secxthr,,,0.15,5018,20,4998,0,0.004,1.0,0.0079
cosine,3072,secxthr,,,0.2,2562,20,2542,0,0.0078,1.0,0.0155
cosine,3072,secxthr,,,0.25,1255,19,1236,1,0.0151,0.95,0.0298
cosine,3072,secxthr,,,0.3,542,14,528,6,0.0258,0.7,0.0498
cosine,3072,secxthr,,,0.35,176,10,166,10,0.0568,0.5,0.102
random,3072,secxthr,,,,233,0.1165,232.8835,19.8835,0.0005,0.0058,0.0009
two_stage,3072,decxthr,0.01,1,,300,6,294,9,0.02,0.4,0.0381
two_stage,3072,decxthr,0.01,2,,600,10,590,5,0.0167,0.6667,0.0325
two_stage,3072,decxthr,0.01,3,,900,12,888,3,0.0133,0.8,0.0262
two_stage,3072,decxthr,0.01,5,,1500,15,1485,0,0.01,1.0,0.0198
two_stage,3072,decxthr,0.02,1,,300,6,294,9,0.02,0.4,0.0381
two_stage,3072,decxthr,0.02,2,,600,10,590,5,0.0167,0.6667,0.0325
two_stage,3072,decxthr,0.02,3,,900,12,888,3,0.0133,0.8,0.0262
two_stage,3072,decxthr,0.02,5,,1500,15,1485,0,0.01,1.0,0.0198
two_stage,3072,decxthr,0.03,1,,299,6,293,9,0.0201,0.4,0.0382
two_stage,3072,decxthr,0.03,2,,598,10,588,5,0.0167,0.6667,0.0326
two_stage,3072,decxthr,0.03,3,,894,12,882,3,0.0134,0.8,0.0264
two_stage,3072,decxthr,0.03,5,,1430,15,1415,0,0.0105,1.0,0.0208
two_stage,3072,decxthr,0.04,1,,252,6,246,9,0.0238,0.4,0.0449
two_stage,3072,decxthr,0.04,2,,421,10,411,5,0.0238,0.6667,0.0459
two_stage,3072,decxthr,0.04,3,,517,12,505,3,0.0232,0.8,0.0451
two_stage,3072,decxthr,0.04,5,,601,12,589,3,0.02,0.8,0.039
two_stage,3072,decxthr,0.05,1,,55,2,53,13,0.0364,0.1333,0.0571
two_stage,3072,decxthr,0.05,2,,66,2,64,13,0.0303,0.1333,0.0494
two_stage,3072,decxthr,0.05,3,,70,2,68,13,0.0286,0.1333,0.0471
two_stage,3072,decxthr,0.05,5,,71,2,69,13,0.0282,0.1333,0.0465
two_stage,3072,decxthr,0.06,1,,2,0,2,15,0.0,0.0,0.0
two_stage,3072,decxthr,0.06,2,,2,0,2,15,0.0,0.0,0.0
two_stage,3072,decxthr,0.06,3,,2,0,2,15,0.0,0.0,0.0
two_stage,3072,decxthr,0.06,5,,2,0,2,15,0.0,0.0,0.0
logit_only,3072,decxthr,0.01,,,16434,15,16419,0,0.0009,1.0,0.0018
logit_only,3072,decxthr,0.02,,,6564,15,6549,0,0.0023,1.0,0.0046
logit_only,3072,decxthr,0.03,,,2154,15,2139,0,0.007,1.0,0.0138
logit_only,3072,decxthr,0.04,,,624,12,612,3,0.0192,0.8,0.0376
logit_only,3072,decxthr,0.05,,,71,2,69,13,0.0282,0.1333,0.0465
logit_only,3072,decxthr,0.06,,,2,0,2,15,0.0,0.0,0.0
topk_only,3072,decxthr,,1,,300,6,294,9,0.02,0.4,0.0381
topk_only,3072,decxthr,,2,,600,10,590,5,0.0167,0.6667,0.0325
topk_only,3072,decxthr,,3,,900,12,888,3,0.0133,0.8,0.0262
topk_only,3072,decxthr,,5,,1500,15,1485,0,0.01,1.0,0.0198
cosine,3072,decxthr,,,0.1,13580,15,13565,0,0.0011,1.0,0.0022
cosine,3072,decxthr,,,0.15,7524,15,7509,0,0.002,1.0,0.004
cosine,3072,decxthr,,,0.2,3802,15,3787,0,0.0039,1.0,0.0079
cosine,3072,decxthr,,,0.25,1863,15,1848,0,0.0081,1.0,0.016
cosine,3072,decxthr,,,0.3,872,14,858,1,0.0161,0.9333,0.0316
cosine,3072,decxthr,,,0.35,330,8,322,7,0.0242,0.5333,0.0464
random,3072,decxthr,,,,360,0.09,359.91,14.91,0.0003,0.006,0.0005
two_stage,3072,secxdec,0.01,1,,200,4,196,11,0.02,0.2667,0.0372
two_stage,3072,secxdec,0.01,2,,400,5,395,10,0.0125,0.3333,0.0241
two_stage,3072,secxdec,0.01,3,,600,7,593,8,0.0117,0.4667,0.0228
two_stage,3072,secxdec,0.01,5,,1000,10,990,5,0.01,0.6667,0.0197
two_stage,3072,secxdec,0.02,1,,200,4,196,11,0.02,0.2667,0.0372
two_stage,3072,secxdec,0.02,2,,400,5,395,10,0.0125,0.3333,0.0241
two_stage,3072,secxdec,0.02,3,,600,7,593,8,0.0117,0.4667,0.0228
two_stage,3072,secxdec,0.02,5,,1000,10,990,5,0.01,0.6667,0.0197
two_stage,3072,secxdec,0.03,1,,200,4,196,11,0.02,0.2667,0.0372
two_stage,3072,secxdec,0.03,2,,400,5,395,10,0.0125,0.3333,0.0241
two_stage,3072,secxdec,0.03,3,,599,7,592,8,0.0117,0.4667,0.0228
two_stage,3072,secxdec,0.03,5,,989,10,979,5,0.0101,0.6667,0.0199
two_stage,3072,secxdec,0.04,1,,179,4,175,11,0.0223,0.2667,0.0412
two_stage,3072,secxdec,0.04,2,,298,5,293,10,0.0168,0.3333,0.0319
two_stage,3072,secxdec,0.04,3,,362,6,356,9,0.0166,0.4,0.0318
two_stage,3072,secxdec,0.04,5,,400,8,392,7,0.02,0.5333,0.0386
two_stage,3072,secxdec,0.05,1,,44,1,43,14,0.0227,0.0667,0.0339
two_stage,3072,secxdec,0.05,2,,52,1,51,14,0.0192,0.0667,0.0299
two_stage,3072,secxdec,0.05,3,,52,1,51,14,0.0192,0.0667,0.0299
two_stage,3072,secxdec,0.05,5,,52,1,51,14,0.0192,0.0667,0.0299
two_stage,3072,secxdec,0.06,1,,4,0,4,15,0.0,0.0,0.0
two_stage,3072,secxdec,0.06,2,,4,0,4,15,0.0,0.0,0.0
two_stage,3072,secxdec,0.06,3,,4,0,4,15,0.0,0.0,0.0
two_stage,3072,secxdec,0.06,5,,4,0,4,15,0.0,0.0,0.0
logit_only,3072,secxdec,0.01,,,15925,15,15910,0,0.0009,1.0,0.0019
logit_only,3072,secxdec,0.02,,,6430,15,6415,0,0.0023,1.0,0.0047
logit_only,3072,secxdec,0.03,,,1986,15,1971,0,0.0076,1.0,0.015
logit_only,3072,secxdec,0.04,,,406,9,397,6,0.0222,0.6,0.0428
logit_only,3072,secxdec,0.05,,,52,1,51,14,0.0192,0.0667,0.0299
logit_only,3072,secxdec,0.06,,,4,0,4,15,0.0,0.0,0.0
topk_only,3072,secxdec,,1,,200,4,196,11,0.02,0.2667,0.0372
topk_only,3072,secxdec,,2,,400,5,395,10,0.0125,0.3333,0.0241
topk_only,3072,secxdec,,3,,600,7,593,8,0.0117,0.4667,0.0228
topk_only,3072,secxdec,,5,,1000,10,990,5,0.01,0.6667,0.0197
cosine,3072,secxdec,,,0.1,13103,15,13088,0,0.0011,1.0,0.0023
cosine,3072,secxdec,,,0.15,7378,15,7363,0,0.002,1.0,0.0041
cosine,3072,secxdec,,,0.2,3678,15,3663,0,0.0041,1.0,0.0081
cosine,3072,secxdec,,,0.25,1677,14,1663,1,0.0083,0.9333,0.0165
cosine,3072,secxdec,,,0.3,631,10,621,5,0.0158,0.6667,0.031
cosine,3072,secxdec,,,0.35,179,4,175,11,0.0223,0.2667,0.0412
random,3072,secxdec,,,,249,0.0622,248.9377,14.9377,0.0003,0.0042,0.0005
two_stage,4096,secxthr,0.01,1,,200,7,193,13,0.035,0.35,0.0636
two_stage,4096,secxthr,0.01,2,,400,13,387,7,0.0325,0.65,0.0619
two_stage,4096,secxthr,0.01,3,,600,14,586,6,0.0233,0.7,0.0452
two_stage,4096,secxthr,0.01,5,,1000,18,982,2,0.018,0.9,0.0353
two_stage,4096,secxthr,0.02,1,,200,7,193,13,0.035,0.35,0.0636
two_stage,4096,secxthr,0.02,2,,400,13,387,7,0.0325,0.65,0.0619
two_stage,4096,secxthr,0.02,3,,600,14,586,6,0.0233,0.7,0.0452
two_stage,4096,secxthr,0.02,5,,1000,18,982,2,0.018,0.9,0.0353
two_stage,4096,secxthr,0.03,1,,200,7,193,13,0.035,0.35,0.0636
two_stage,4096,secxthr,0.03,2,,399,13,386,7,0.0326,0.65,0.0621
two_stage,4096,secxthr,0.03,3,,593,14,579,6,0.0236,0.7,0.0457
two_stage,4096,secxthr,0.03,5,,944,18,926,2,0.0191,0.9,0.0373
two_stage,4096,secxthr,0.04,1,,157,7,150,13,0.0446,0.35,0.0791
two_stage,4096,secxthr,0.04,2,,256,12,244,8,0.0469,0.6,0.087
two_stage,4096,secxthr,0.04,3,,315,13,302,7,0.0413,0.65,0.0776
two_stage,4096,secxthr,0.04,5,,342,14,328,6,0.0409,0.7,0.0773
two_stage,4096,secxthr,0.05,1,,38,2,36,18,0.0526,0.1,0.069
two_stage,4096,secxthr,0.05,2,,44,2,42,18,0.0455,0.1,0.0625
two_stage,4096,secxthr,0.05,3,,44,2,42,18,0.0455,0.1,0.0625
two_stage,4096,secxthr,0.05,5,,44,2,42,18,0.0455,0.1,0.0625
two_stage,4096,secxthr,0.06,1,,1,0,1,20,0.0,0.0,0.0
two_stage,4096,secxthr,0.06,2,,1,0,1,20,0.0,0.0,0.0
two_stage,4096,secxthr,0.06,3,,1,0,1,20,0.0,0.0,0.0
two_stage,4096,secxthr,0.06,5,,1,0,1,20,0.0,0.0,0.0
logit_only,4096,secxthr,0.01,,,10772,20,10752,0,0.0019,1.0,0.0037
logit_only,4096,secxthr,0.02,,,4318,20,4298,0,0.0046,1.0,0.0092
logit_only,4096,secxthr,0.03,,,1389,19,1370,1,0.0137,0.95,0.027
logit_only,4096,secxthr,0.04,,,347,14,333,6,0.0403,0.7,0.0763
logit_only,4096,secxthr,0.05,,,44,2,42,18,0.0455,0.1,0.0625
logit_only,4096,secxthr,0.06,,,1,0,1,20,0.0,0.0,0.0
topk_only,4096,secxthr,,1,,200,7,193,13,0.035,0.35,0.0636
topk_only,4096,secxthr,,2,,400,13,387,7,0.0325,0.65,0.0619
topk_only,4096,secxthr,,3,,600,14,586,6,0.0233,0.7,0.0452
topk_only,4096,secxthr,,5,,1000,18,982,2,0.018,0.9,0.0353
cosine,4096,secxthr,,,0.1,8848,20,8828,0,0.0023,1.0,0.0045
cosine,4096,secxthr,,,0.15,4923,20,4903,0,0.0041,1.0,0.0081
cosine,4096,secxthr,,,0.2,2498,20,2478,0,0.008,1.0,0.0159
cosine,4096,secxthr,,,0.25,1176,19,1157,1,0.0162,0.95,0.0318
cosine,4096,secxthr,,,0.3,546,16,530,4,0.0293,0.8,0.0565
cosine,4096,secxthr,,,0.35,188,9,179,11,0.0479,0.45,0.0865
random,4096,secxthr,,,,228,0.114,227.886,19.886,0.0005,0.0057,0.0009
two_stage,4096,decxthr,0.01,1,,300,4,296,11,0.0133,0.2667,0.0254
two_stage,4096,decxthr,0.01,2,,600,8,592,7,0.0133,0.5333,0.026
two_stage,4096,decxthr,0.01,3,,900,14,886,1,0.0156,0.9333,0.0306
two_stage,4096,decxthr,0.01,5,,1500,14,1486,1,0.0093,0.9333,0.0185
two_stage,4096,decxthr,0.02,1,,300,4,296,11,0.0133,0.2667,0.0254
two_stage,4096,decxthr,0.02,2,,600,8,592,7,0.0133,0.5333,0.026
two_stage,4096,decxthr,0.02,3,,900,14,886,1,0.0156,0.9333,0.0306
two_stage,4096,decxthr,0.02,5,,1500,14,1486,1,0.0093,0.9333,0.0185
two_stage,4096,decxthr,0.03,1,,299,4,295,11,0.0134,0.2667,0.0255
two_stage,4096,decxthr,0.03,2,,595,8,587,7,0.0134,0.5333,0.0262
two_stage,4096,decxthr,0.03,3,,888,14,874,1,0.0158,0.9333,0.031
two_stage,4096,decxthr,0.03,5,,1421,14,1407,1,0.0099,0.9333,0.0195
two_stage,4096,decxthr,0.04,1,,254,4,250,11,0.0157,0.2667,0.0297
two_stage,4096,decxthr,0.04,2,,434,8,426,7,0.0184,0.5333,0.0356
two_stage,4096,decxthr,0.04,3,,539,12,527,3,0.0223,0.8,0.0433
two_stage,4096,decxthr,0.04,5,,619,12,607,3,0.0194,0.8,0.0379
two_stage,4096,decxthr,0.05,1,,59,1,58,14,0.0169,0.0667,0.027
two_stage,4096,decxthr,0.05,2,,76,2,74,13,0.0263,0.1333,0.044
two_stage,4096,decxthr,0.05,3,,82,2,80,13,0.0244,0.1333,0.0412
two_stage,4096,decxthr,0.05,5,,83,2,81,13,0.0241,0.1333,0.0408
two_stage,4096,decxthr,0.06,1,,3,0,3,15,0.0,0.0,0.0
two_stage,4096,decxthr,0.06,2,,3,0,3,15,0.0,0.0,0.0
two_stage,4096,decxthr,0.06,3,,3,0,3,15,0.0,0.0,0.0
two_stage,4096,decxthr,0.06,5,,3,0,3,15,0.0,0.0,0.0
logit_only,4096,decxthr,0.01,,,16397,15,16382,0,0.0009,1.0,0.0018
logit_only,4096,decxthr,0.02,,,6573,15,6558,0,0.0023,1.0,0.0046
logit_only,4096,decxthr,0.03,,,2199,14,2185,1,0.0064,0.9333,0.0126
logit_only,4096,decxthr,0.04,,,632,12,620,3,0.019,0.8,0.0371
logit_only,4096,decxthr,0.05,,,83,2,81,13,0.0241,0.1333,0.0408
logit_only,4096,decxthr,0.06,,,3,0,3,15,0.0,0.0,0.0
topk_only,4096,decxthr,,1,,300,4,296,11,0.0133,0.2667,0.0254
topk_only,4096,decxthr,,2,,600,8,592,7,0.0133,0.5333,0.026
topk_only,4096,decxthr,,3,,900,14,886,1,0.0156,0.9333,0.0306
topk_only,4096,decxthr,,5,,1500,14,1486,1,0.0093,0.9333,0.0185
cosine,4096,decxthr,,,0.1,13574,15,13559,0,0.0011,1.0,0.0022
cosine,4096,decxthr,,,0.15,7519,15,7504,0,0.002,1.0,0.004
cosine,4096,decxthr,,,0.2,3845,15,3830,0,0.0039,1.0,0.0078
cosine,4096,decxthr,,,0.25,1926,14,1912,1,0.0073,0.9333,0.0144
cosine,4096,decxthr,,,0.3,906,13,893,2,0.0143,0.8667,0.0282
cosine,4096,decxthr,,,0.35,344,11,333,4,0.032,0.7333,0.0613
random,4096,decxthr,,,,367,0.0917,366.9083,14.9083,0.0003,0.0061,0.0005
two_stage,4096,secxdec,0.01,1,,200,5,195,10,0.025,0.3333,0.0465
two_stage,4096,secxdec,0.01,2,,400,6,394,9,0.015,0.4,0.0289
two_stage,4096,secxdec,0.01,3,,600,8,592,7,0.0133,0.5333,0.026
two_stage,4096,secxdec,0.01,5,,1000,10,990,5,0.01,0.6667,0.0197
two_stage,4096,secxdec,0.02,1,,200,5,195,10,0.025,0.3333,0.0465
two_stage,4096,secxdec,0.02,2,,400,6,394,9,0.015,0.4,0.0289
two_stage,4096,secxdec,0.02,3,,600,8,592,7,0.0133,0.5333,0.026
two_stage,4096,secxdec,0.02,5,,1000,10,990,5,0.01,0.6667,0.0197
two_stage,4096,secxdec,0.03,1,,200,5,195,10,0.025,0.3333,0.0465
two_stage,4096,secxdec,0.03,2,,400,6,394,9,0.015,0.4,0.0289
two_stage,4096,secxdec,0.03,3,,600,8,592,7,0.0133,0.5333,0.026
two_stage,4096,secxdec,0.03,5,,995,10,985,5,0.0101,0.6667,0.0198
two_stage,4096,secxdec,0.04,1,,175,3,172,12,0.0171,0.2,0.0316
two_stage,4096,secxdec,0.04,2,,304,3,301,12,0.0099,0.2,0.0188
two_stage,4096,secxdec,0.04,3,,383,5,378,10,0.0131,0.3333,0.0251
two_stage,4096,secxdec,0.04,5,,445,6,439,9,0.0135,0.4,0.0261
two_stage,4096,secxdec,0.05,1,,47,0,47,15,0.0,0.0,0.0
two_stage,4096,secxdec,0.05,2,,53,0,53,15,0.0,0.0,0.0
two_stage,4096,secxdec,0.05,3,,55,0,55,15,0.0,0.0,0.0
two_stage,4096,secxdec,0.05,5,,55,0,55,15,0.0,0.0,0.0
two_stage,4096,secxdec,0.06,1,,2,0,2,15,0.0,0.0,0.0
two_stage,4096,secxdec,0.06,2,,2,0,2,15,0.0,0.0,0.0
two_stage,4096,secxdec,0.06,3,,2,0,2,15,0.0,0.0,0.0
two_stage,4096,secxdec,0.06,5,,2,0,2,15,0.0,0.0,0.0
logit_only,4096,secxdec,0.01,,,16074,15,16059,0,0.0009,1.0,0.0019
logit_only,4096,secxdec,0.02,,,6407,15,6392,0,0.0023,1.0,0.0047
logit_only,4096,secxdec,0.03,,,1957,14,1943,1,0.0072,0.9333,0.0142
logit_only,4096,secxdec,0.04,,,452,6,446,9,0.0133,0.4,0.0257
logit_only,4096,secxdec,0.05,,,55,0,55,15,0.0,0.0,0.0
logit_only,4096,secxdec,0.06,,,2,0,2,15,0.0,0.0,0.0
topk_only,4096,secxdec,,1,,200,5,195,10,0.025,0.3333,0.0465
topk_only,4096,secxdec,,2,,400,6,394,9,0.015,0.4,0.0289
topk_only,4096,secxdec,,3,,600,8,592,7,0.0133,0.5333,0.026
topk_only,4096,secxdec,,5,,1000,10,990,5,0.01,0.6667,0.0197
cosine,4096,secxdec,,,0.1,13165,15,13150,0,0.0011,1.0,0.0023
cosine,4096,secxdec,,,0.15,7374,15,7359,0,0.002,1.0,0.0041
cosine,4096,secxdec,,,0.2,3671,14,3657,1,0.0038,0.9333,0.0076
cosine,4096,secxdec,,,0.25,1666,14,1652,1,0.0084,0.9333,0.0167
cosine,4096,secxdec,,,0.3,693,11,682,4,0.0159,0.7333,0.0311
cosine,4096,secxdec,,,0.35,219,3,216,12,0.0137,0.2,0.0256
random,4096,secxdec,,,,252,0.063,251.937,14.937,0.0003,0.0042,0.0005
two_stage,5120,secxthr,0.01,1,,200,6,194,14,0.03,0.3,0.0545
two_stage,5120,secxthr,0.01,2,,400,8,392,12,0.02,0.4,0.0381
two_stage,5120,secxthr,0.01,3,,600,10,590,10,0.0167,0.5,0.0323
two_stage,5120,secxthr,0.01,5,,1000,14,986,6,0.014,0.7,0.0275
two_stage,5120,secxthr,0.02,1,,200,6,194,14,0.03,0.3,0.0545
two_stage,5120,secxthr,0.02,2,,400,8,392,12,0.02,0.4,0.0381
two_stage,5120,secxthr,0.02,3,,600,10,590,10,0.0167,0.5,0.0323
two_stage,5120,secxthr,0.02,5,,1000,14,986,6,0.014,0.7,0.0275
two_stage,5120,secxthr,0.03,1,,200,6,194,14,0.03,0.3,0.0545
two_stage,5120,secxthr,0.03,2,,399,8,391,12,0.0201,0.4,0.0382
two_stage,5120,secxthr,0.03,3,,592,10,582,10,0.0169,0.5,0.0327
two_stage,5120,secxthr,0.03,5,,940,14,926,6,0.0149,0.7,0.0292
two_stage,5120,secxthr,0.04,1,,161,5,156,15,0.0311,0.25,0.0552
two_stage,5120,secxthr,0.04,2,,253,6,247,14,0.0237,0.3,0.044
two_stage,5120,secxthr,0.04,3,,294,7,287,13,0.0238,0.35,0.0446
two_stage,5120,secxthr,0.04,5,,324,7,317,13,0.0216,0.35,0.0407
two_stage,5120,secxthr,0.05,1,,36,2,34,18,0.0556,0.1,0.0714
two_stage,5120,secxthr,0.05,2,,41,2,39,18,0.0488,0.1,0.0656
two_stage,5120,secxthr,0.05,3,,41,2,39,18,0.0488,0.1,0.0656
two_stage,5120,secxthr,0.05,5,,41,2,39,18,0.0488,0.1,0.0656
two_stage,5120,secxthr,0.06,1,,1,1,0,19,1.0,0.05,0.0952
two_stage,5120,secxthr,0.06,2,,1,1,0,19,1.0,0.05,0.0952
two_stage,5120,secxthr,0.06,3,,1,1,0,19,1.0,0.05,0.0952
two_stage,5120,secxthr,0.06,5,,1,1,0,19,1.0,0.05,0.0952
logit_only,5120,secxthr,0.01,,,10771,20,10751,0,0.0019,1.0,0.0037
logit_only,5120,secxthr,0.02,,,4422,20,4402,0,0.0045,1.0,0.009
logit_only,5120,secxthr,0.03,,,1363,16,1347,4,0.0117,0.8,0.0231
logit_only,5120,secxthr,0.04,,,329,7,322,13,0.0213,0.35,0.0401
logit_only,5120,secxthr,0.05,,,41,2,39,18,0.0488,0.1,0.0656
logit_only,5120,secxthr,0.06,,,1,1,0,19,1.0,0.05,0.0952
topk_only,5120,secxthr,,1,,200,6,194,14,0.03,0.3,0.0545
topk_only,5120,secxthr,,2,,400,8,392,12,0.02,0.4,0.0381
topk_only,5120,secxthr,,3,,600,10,590,10,0.0167,0.5,0.0323
topk_only,5120,secxthr,,5,,1000,14,986,6,0.014,0.7,0.0275
cosine,5120,secxthr,,,0.1,8830,20,8810,0,0.0023,1.0,0.0045
cosine,5120,secxthr,,,0.15,4968,20,4948,0,0.004,1.0,0.008
cosine,5120,secxthr,,,0.2,2522,19,2503,1,0.0075,0.95,0.0149
cosine,5120,secxthr,,,0.25,1155,15,1140,5,0.013,0.75,0.0255
cosine,5120,secxthr,,,0.3,484,10,474,10,0.0207,0.5,0.0397
cosine,5120,secxthr,,,0.35,169,5,164,15,0.0296,0.25,0.0529
random,5120,secxthr,,,,226,0.113,225.887,19.887,0.0005,0.0057,0.0009
two_stage,5120,decxthr,0.01,1,,300,4,296,11,0.0133,0.2667,0.0254
two_stage,5120,decxthr,0.01,2,,600,7,593,8,0.0117,0.4667,0.0228
two_stage,5120,decxthr,0.01,3,,900,9,891,6,0.01,0.6,0.0197
two_stage,5120,decxthr,0.01,5,,1500,14,1486,1,0.0093,0.9333,0.0185
two_stage,5120,decxthr,0.02,1,,300,4,296,11,0.0133,0.2667,0.0254
two_stage,5120,decxthr,0.02,2,,600,7,593,8,0.0117,0.4667,0.0228
two_stage,5120,decxthr,0.02,3,,900,9,891,6,0.01,0.6,0.0197
two_stage,5120,decxthr,0.02,5,,1500,14,1486,1,0.0093,0.9333,0.0185
two_stage,5120,decxthr,0.03,1,,300,4,296,11,0.0133,0.2667,0.0254
two_stage,5120,decxthr,0.03,2,,599,7,592,8,0.0117,0.4667,0.0228
two_stage,5120,decxthr,0.03,3,,891,9,882,6,0.0101,0.6,0.0199
two_stage,5120,decxthr,0.03,5,,1427,14,1413,1,0.0098,0.9333,0.0194
two_stage,5120,decxthr,0.04,1,,246,4,242,11,0.0163,0.2667,0.0307
two_stage,5120,decxthr,0.04,2,,417,7,410,8,0.0168,0.4667,0.0324
two_stage,5120,decxthr,0.04,3,,517,8,509,7,0.0155,0.5333,0.0301
two_stage,5120,decxthr,0.04,5,,578,9,569,6,0.0156,0.6,0.0304
two_stage,5120,decxthr,0.05,1,,60,3,57,12,0.05,0.2,0.08
two_stage,5120,decxthr,0.05,2,,69,3,66,12,0.0435,0.2,0.0714
two_stage,5120,decxthr,0.05,3,,69,3,66,12,0.0435,0.2,0.0714
two_stage,5120,decxthr,0.05,5,,69,3,66,12,0.0435,0.2,0.0714
two_stage,5120,decxthr,0.06,1,,2,0,2,15,0.0,0.0,0.0
two_stage,5120,decxthr,0.06,2,,2,0,2,15,0.0,0.0,0.0
two_stage,5120,decxthr,0.06,3,,2,0,2,15,0.0,0.0,0.0
two_stage,5120,decxthr,0.06,5,,2,0,2,15,0.0,0.0,0.0
logit_only,5120,decxthr,0.01,,,16432,15,16417,0,0.0009,1.0,0.0018
logit_only,5120,decxthr,0.02,,,6543,15,6528,0,0.0023,1.0,0.0046
logit_only,5120,decxthr,0.03,,,2135,15,2120,0,0.007,1.0,0.014
logit_only,5120,decxthr,0.04,,,588,9,579,6,0.0153,0.6,0.0299
logit_only,5120,decxthr,0.05,,,69,3,66,12,0.0435,0.2,0.0714
logit_only,5120,decxthr,0.06,,,2,0,2,15,0.0,0.0,0.0
topk_only,5120,decxthr,,1,,300,4,296,11,0.0133,0.2667,0.0254
topk_only,5120,decxthr,,2,,600,7,593,8,0.0117,0.4667,0.0228
topk_only,5120,decxthr,,3,,900,9,891,6,0.01,0.6,0.0197
topk_only,5120,decxthr,,5,,1500,14,1486,1,0.0093,0.9333,0.0185
cosine,5120,decxthr,,,0.1,13584,15,13569,0,0.0011,1.0,0.0022
cosine,5120,decxthr,,,0.15,7547,15,7532,0,0.002,1.0,0.004
cosine,5120,decxthr,,,0.2,3761,15,3746,0,0.004,1.0,0.0079
cosine,5120,decxthr,,,0.25,1837,15,1822,0,0.0082,1.0,0.0162
cosine,5120,decxthr,,,0.3,832,11,821,4,0.0132,0.7333,0.026
cosine,5120,decxthr,,,0.35,292,5,287,10,0.0171,0.3333,0.0326
random,5120,decxthr,,,,358,0.0895,357.9105,14.9105,0.0003,0.006,0.0005
two_stage,5120,secxdec,0.01,1,,200,4,196,11,0.02,0.2667,0.0372
two_stage,5120,secxdec,0.01,2,,400,9,391,6,0.0225,0.6,0.0434
two_stage,5120,secxdec,0.01,3,,600,11,589,4,0.0183,0.7333,0.0358
two_stage,5120,secxdec,0.01,5,,1000,13,987,2,0.013,0.8667,0.0256
two_stage,5120,secxdec,0.02,1,,200,4,196,11,0.02,0.2667,0.0372
two_stage,5120,secxdec,0.02,2,,400,9,391,6,0.0225,0.6,0.0434
two_stage,5120,secxdec,0.02,3,,600,11,589,4,0.0183,0.7333,0.0358
two_stage,5120,secxdec,0.02,5,,1000,13,987,2,0.013,0.8667,0.0256
two_stage,5120,secxdec,0.03,1,,200,4,196,11,0.02,0.2667,0.0372
two_stage,5120,secxdec,0.03,2,,400,9,391,6,0.0225,0.6,0.0434
two_stage,5120,secxdec,0.03,3,,600,11,589,4,0.0183,0.7333,0.0358
two_stage,5120,secxdec,0.03,5,,990,13,977,2,0.0131,0.8667,0.0259
two_stage,5120,secxdec,0.04,1,,177,4,173,11,0.0226,0.2667,0.0417
two_stage,5120,secxdec,0.04,2,,302,9,293,6,0.0298,0.6,0.0568
two_stage,5120,secxdec,0.04,3,,367,9,358,6,0.0245,0.6,0.0471
two_stage,5120,secxdec,0.04,5,,414,9,405,6,0.0217,0.6,0.042
two_stage,5120,secxdec,0.05,1,,48,4,44,11,0.0833,0.2667,0.127
two_stage,5120,secxdec,0.05,2,,58,5,53,10,0.0862,0.3333,0.137
two_stage,5120,secxdec,0.05,3,,60,5,55,10,0.0833,0.3333,0.1333
two_stage,5120,secxdec,0.05,5,,60,5,55,10,0.0833,0.3333,0.1333
two_stage,5120,secxdec,0.06,1,,2,0,2,15,0.0,0.0,0.0
two_stage,5120,secxdec,0.06,2,,2,0,2,15,0.0,0.0,0.0
two_stage,5120,secxdec,0.06,3,,2,0,2,15,0.0,0.0,0.0
two_stage,5120,secxdec,0.06,5,,2,0,2,15,0.0,0.0,0.0
logit_only,5120,secxdec,0.01,,,15986,15,15971,0,0.0009,1.0,0.0019
logit_only,5120,secxdec,0.02,,,6365,15,6350,0,0.0024,1.0,0.0047
logit_only,5120,secxdec,0.03,,,1892,13,1879,2,0.0069,0.8667,0.0136
logit_only,5120,secxdec,0.04,,,421,9,412,6,0.0214,0.6,0.0413
logit_only,5120,secxdec,0.05,,,60,5,55,10,0.0833,0.3333,0.1333
logit_only,5120,secxdec,0.06,,,2,0,2,15,0.0,0.0,0.0
topk_only,5120,secxdec,,1,,200,4,196,11,0.02,0.2667,0.0372
topk_only,5120,secxdec,,2,,400,9,391,6,0.0225,0.6,0.0434
topk_only,5120,secxdec,,3,,600,11,589,4,0.0183,0.7333,0.0358
topk_only,5120,secxdec,,5,,1000,13,987,2,0.013,0.8667,0.0256
cosine,5120,secxdec,,,0.1,13073,15,13058,0,0.0011,1.0,0.0023
cosine,5120,secxdec,,,0.15,7280,15,7265,0,0.0021,1.0,0.0041
cosine,5120,secxdec,,,0.2,3599,15,3584,0,0.0042,1.0,0.0083
cosine,5120,secxdec,,,0.25,1589,13,1576,2,0.0082,0.8667,0.0162
cosine,5120,secxdec,,,0.3,626,12,614,3,0.0192,0.8,0.0374
cosine,5120,secxdec,,,0.35,212,6,206,9,0.0283,0.4,0.0529
random,5120,secxdec,,,,251,0.0628,250.9373,14.9373,0.0003,0.0042,0.0005
two_stage,6144,secxthr,0.01,1,,200,7,193,13,0.035,0.35,0.0636
two_stage,6144,secxthr,0.01,2,,400,13,387,7,0.0325,0.65,0.0619
two_stage,6144,secxthr,0.01,3,,600,15,585,5,0.025,0.75,0.0484
two_stage,6144,secxthr,0.01,5,,1000,17,983,3,0.017,0.85,0.0333
two_stage,6144,secxthr,0.02,1,,200,7,193,13,0.035,0.35,0.0636
two_stage,6144,secxthr,0.02,2,,400,13,387,7,0.0325,0.65,0.0619
two_stage,6144,secxthr,0.02,3,,600,15,585,5,0.025,0.75,0.0484
two_stage,6144,secxthr,0.02,5,,1000,17,983,3,0.017,0.85,0.0333
two_stage,6144,secxthr,0.03,1,,200,7,193,13,0.035,0.35,0.0636
two_stage,6144,secxthr,0.03,2,,398,13,385,7,0.0327,0.65,0.0622
two_stage,6144,secxthr,0.03,3,,590,15,575,5,0.0254,0.75,0.0492
two_stage,6144,secxthr,0.03,5,,945,17,928,3,0.018,0.85,0.0352
two_stage,6144,secxthr,0.04,1,,169,7,162,13,0.0414,0.35,0.0741
two_stage,6144,secxthr,0.04,2,,270,10,260,10,0.037,0.5,0.069
two_stage,6144,secxthr,0.04,3,,324,11,313,9,0.034,0.55,0.064
two_stage,6144,secxthr,0.04,5,,355,11,344,9,0.031,0.55,0.0587
two_stage,6144,secxthr,0.05,1,,40,1,39,19,0.025,0.05,0.0333
two_stage,6144,secxthr,0.05,2,,50,2,48,18,0.04,0.1,0.0571
two_stage,6144,secxthr,0.05,3,,51,2,49,18,0.0392,0.1,0.0563
two_stage,6144,secxthr,0.05,5,,51,2,49,18,0.0392,0.1,0.0563
two_stage,6144,secxthr,0.06,1,,1,0,1,20,0.0,0.0,0.0
two_stage,6144,secxthr,0.06,2,,2,0,2,20,0.0,0.0,0.0
two_stage,6144,secxthr,0.06,3,,2,0,2,20,0.0,0.0,0.0
two_stage,6144,secxthr,0.06,5,,2,0,2,20,0.0,0.0,0.0
logit_only,6144,secxthr,0.01,,,10759,20,10739,0,0.0019,1.0,0.0037
logit_only,6144,secxthr,0.02,,,4357,20,4337,0,0.0046,1.0,0.0091
logit_only,6144,secxthr,0.03,,,1366,20,1346,0,0.0146,1.0,0.0289
logit_only,6144,secxthr,0.04,,,363,11,352,9,0.0303,0.55,0.0574
logit_only,6144,secxthr,0.05,,,51,2,49,18,0.0392,0.1,0.0563
logit_only,6144,secxthr,0.06,,,2,0,2,20,0.0,0.0,0.0
topk_only,6144,secxthr,,1,,200,7,193,13,0.035,0.35,0.0636
topk_only,6144,secxthr,,2,,400,13,387,7,0.0325,0.65,0.0619
topk_only,6144,secxthr,,3,,600,15,585,5,0.025,0.75,0.0484
topk_only,6144,secxthr,,5,,1000,17,983,3,0.017,0.85,0.0333
cosine,6144,secxthr,,,0.1,8822,20,8802,0,0.0023,1.0,0.0045
cosine,6144,secxthr,,,0.15,4932,20,4912,0,0.0041,1.0,0.0081
cosine,6144,secxthr,,,0.2,2524,20,2504,0,0.0079,1.0,0.0157
cosine,6144,secxthr,,,0.25,1157,19,1138,1,0.0164,0.95,0.0323
cosine,6144,secxthr,,,0.3,508,14,494,6,0.0276,0.7,0.053
cosine,6144,secxthr,,,0.35,200,8,192,12,0.04,0.4,0.0727
random,6144,secxthr,,,,235,0.1175,234.8825,19.8825,0.0005,0.0059,0.0009
two_stage,6144,decxthr,0.01,1,,300,6,294,9,0.02,0.4,0.0381
two_stage,6144,decxthr,0.01,2,,600,11,589,4,0.0183,0.7333,0.0358
two_stage,6144,decxthr,0.01,3,,900,12,888,3,0.0133,0.8,0.0262
two_stage,6144,decxthr,0.01,5,,1500,14,1486,1,0.0093,0.9333,0.0185
two_stage,6144,decxthr,0.02,1,,300,6,294,9,0.02,0.4,0.0381
two_stage,6144,decxthr,0.02,2,,600,11,589,4,0.0183,0.7333,0.0358
two_stage,6144,decxthr,0.02,3,,900,12,888,3,0.0133,0.8,0.0262
two_stage,6144,decxthr,0.02,5,,1500,14,1486,1,0.0093,0.9333,0.0185
two_stage,6144,decxthr,0.03,1,,300,6,294,9,0.02,0.4,0.0381
two_stage,6144,decxthr,0.03,2,,599,11,588,4,0.0184,0.7333,0.0358
two_stage,6144,decxthr,0.03,3,,897,12,885,3,0.0134,0.8,0.0263
two_stage,6144,decxthr,0.03,5,,1439,14,1425,1,0.0097,0.9333,0.0193
two_stage,6144,decxthr,0.04,1,,253,5,248,10,0.0198,0.3333,0.0373
two_stage,6144,decxthr,0.04,2,,429,10,419,5,0.0233,0.6667,0.045
two_stage,6144,decxthr,0.04,3,,531,11,520,4,0.0207,0.7333,0.0403
two_stage,6144,decxthr,0.04,5,,608,12,596,3,0.0197,0.8,0.0385
two_stage,6144,decxthr,0.05,1,,71,1,70,14,0.0141,0.0667,0.0233
two_stage,6144,decxthr,0.05,2,,83,1,82,14,0.012,0.0667,0.0204
two_stage,6144,decxthr,0.05,3,,84,1,83,14,0.0119,0.0667,0.0202
two_stage,6144,decxthr,0.05,5,,84,1,83,14,0.0119,0.0667,0.0202
two_stage,6144,decxthr,0.06,1,,3,0,3,15,0.0,0.0,0.0
two_stage,6144,decxthr,0.06,2,,3,0,3,15,0.0,0.0,0.0
two_stage,6144,decxthr,0.06,3,,3,0,3,15,0.0,0.0,0.0
two_stage,6144,decxthr,0.06,5,,3,0,3,15,0.0,0.0,0.0
logit_only,6144,decxthr,0.01,,,16358,15,16343,0,0.0009,1.0,0.0018
logit_only,6144,decxthr,0.02,,,6431,15,6416,0,0.0023,1.0,0.0047
logit_only,6144,decxthr,0.03,,,2134,14,2120,1,0.0066,0.9333,0.013
logit_only,6144,decxthr,0.04,,,618,12,606,3,0.0194,0.8,0.0379
logit_only,6144,decxthr,0.05,,,84,1,83,14,0.0119,0.0667,0.0202
logit_only,6144,decxthr,0.06,,,3,0,3,15,0.0,0.0,0.0
topk_only,6144,decxthr,,1,,300,6,294,9,0.02,0.4,0.0381
topk_only,6144,decxthr,,2,,600,11,589,4,0.0183,0.7333,0.0358
topk_only,6144,decxthr,,3,,900,12,888,3,0.0133,0.8,0.0262
topk_only,6144,decxthr,,5,,1500,14,1486,1,0.0093,0.9333,0.0185
cosine,6144,decxthr,,,0.1,13431,15,13416,0,0.0011,1.0,0.0022
cosine,6144,decxthr,,,0.15,7362,15,7347,0,0.002,1.0,0.0041
cosine,6144,decxthr,,,0.2,3800,15,3785,0,0.0039,1.0,0.0079
cosine,6144,decxthr,,,0.25,1852,14,1838,1,0.0076,0.9333,0.015
cosine,6144,decxthr,,,0.3,873,13,860,2,0.0149,0.8667,0.0293
cosine,6144,decxthr,,,0.35,303,7,296,8,0.0231,0.4667,0.044
random,6144,decxthr,,,,364,0.091,363.909,14.909,0.0003,0.0061,0.0005
two_stage,6144,secxdec,0.01,1,,200,6,194,9,0.03,0.4,0.0558
two_stage,6144,secxdec,0.01,2,,400,9,391,6,0.0225,0.6,0.0434
two_stage,6144,secxdec,0.01,3,,600,11,589,4,0.0183,0.7333,0.0358
two_stage,6144,secxdec,0.01,5,,1000,13,987,2,0.013,0.8667,0.0256
two_stage,6144,secxdec,0.02,1,,200,6,194,9,0.03,0.4,0.0558
two_stage,6144,secxdec,0.02,2,,400,9,391,6,0.0225,0.6,0.0434
two_stage,6144,secxdec,0.02,3,,600,11,589,4,0.0183,0.7333,0.0358
two_stage,6144,secxdec,0.02,5,,1000,13,987,2,0.013,0.8667,0.0256
two_stage,6144,secxdec,0.03,1,,200,6,194,9,0.03,0.4,0.0558
two_stage,6144,secxdec,0.03,2,,400,9,391,6,0.0225,0.6,0.0434
two_stage,6144,secxdec,0.03,3,,600,11,589,4,0.0183,0.7333,0.0358
two_stage,6144,secxdec,0.03,5,,997,13,984,2,0.013,0.8667,0.0257
two_stage,6144,secxdec,0.04,1,,171,6,165,9,0.0351,0.4,0.0645
two_stage,6144,secxdec,0.04,2,,297,9,288,6,0.0303,0.6,0.0577
two_stage,6144,secxdec,0.04,3,,370,11,359,4,0.0297,0.7333,0.0571
two_stage,6144,secxdec,0.04,5,,431,12,419,3,0.0278,0.8,0.0538
two_stage,6144,secxdec,0.05,1,,49,2,47,13,0.0408,0.1333,0.0625
two_stage,6144,secxdec,0.05,2,,56,2,54,13,0.0357,0.1333,0.0563
two_stage,6144,secxdec,0.05,3,,59,2,57,13,0.0339,0.1333,0.0541
two_stage,6144,secxdec,0.05,5,,60,2,58,13,0.0333,0.1333,0.0533
two_stage,6144,secxdec,0.06,1,,2,0,2,15,0.0,0.0,0.0
two_stage,6144,secxdec,0.06,2,,3,0,3,15,0.0,0.0,0.0
two_stage,6144,secxdec,0.06,3,,3,0,3,15,0.0,0.0,0.0
two_stage,6144,secxdec,0.06,5,,3,0,3,15,0.0,0.0,0.0
logit_only,6144,secxdec,0.01,,,16060,15,16045,0,0.0009,1.0,0.0019
logit_only,6144,secxdec,0.02,,,6526,15,6511,0,0.0023,1.0,0.0046
logit_only,6144,secxdec,0.03,,,1989,15,1974,0,0.0075,1.0,0.015
logit_only,6144,secxdec,0.04,,,437,12,425,3,0.0275,0.8,0.0531
logit_only,6144,secxdec,0.05,,,60,2,58,13,0.0333,0.1333,0.0533
logit_only,6144,secxdec,0.06,,,3,0,3,15,0.0,0.0,0.0
topk_only,6144,secxdec,,1,,200,6,194,9,0.03,0.4,0.0558
topk_only,6144,secxdec,,2,,400,9,391,6,0.0225,0.6,0.0434
topk_only,6144,secxdec,,3,,600,11,589,4,0.0183,0.7333,0.0358
topk_only,6144,secxdec,,5,,1000,13,987,2,0.013,0.8667,0.0256
cosine,6144,secxdec,,,0.1,13213,15,13198,0,0.0011,1.0,0.0023
cosine,6144,secxdec,,,0.15,7457,15,7442,0,0.002,1.0,0.004
cosine,6144,secxdec,,,0.2,3762,15,3747,0,0.004,1.0,0.0079
cosine,6144,secxdec,,,0.25,1651,14,1637,1,0.0085,0.9333,0.0168
cosine,6144,secxdec,,,0.3,679,12,667,3,0.0177,0.8,0.0346
cosine,6144,secxdec,,,0.35,244,10,234,5,0.041,0.6667,0.0772
random,6144,secxdec,,,,248,0.062,247.938,14.938,0.0003,0.0041,0.0005
